mp3_file,txt_file,text,transcript,WER,validated
noella_1_1.mp3,noella_1_1.txt,ubusanzwe iyo mu kinyarwanda bavuze ngo umuntu ni umugabo byumvikana ko afite ibitekerezo bizima yihesha agaciro afite indangagaciro zo kwanga ikibi agashyira imbere icyiza bikaba akarusho noneho iyo koko ari umugabo wubatse wabyaye kuko aba atoza abe kugenza atyo,ubusanzwe iyo mu kinyarwanda bavuze ngo umuntu ni umugabo byumvikana ko afite ibitekerezo bizima yiheshe agaciro afite indangagaciro zo kwanga ikibi agashyira imbere icyiza bikabakarusha noneho iyo koko ari umugabo wubatse wabyaye kuko abatoza be kugenza bari,0.3076923077,False
noella_1_2.mp3,noella_1_2.txt,muri iki gihe hari ikibazo cyabangavu bari gusambanywa bagaterwa inda imburagihe kandi iyo uganiriye nabo usanga hari benshi baziterwa nabagabo bakuze bakagombye kubabera ababyeyi ni ikibazo cyagaragaje umuvuduko uri hejuru mu rwanda ahagana mu mwaka wibihumbi bibiri na cyumi nakarindwi,muri iki gihe hari ikibazo cy'abangavubai gusambanywa bagaterwa inda imburagiye kandi uganiriye na bo usangari benshi baziterwa n'abagabo bakuze bakagombye kubabera ababyeyi ni ikibazo cyagaragaje umuvuduka uri hejuru mu rwanda ahagana mu mwaka y'uhumbi bi nyacumiakarinzwi,0.375,False
noella_1_3.mp3,noella_1_3.txt,minisiteri yuburinganire niterambere ryumuryango itangaza ko mu mwaka wibihumbi bibiri na cumi nakarindwi abangavu batewe inda imburagihe bataragira imyaka cumi numunani yamavuko bagera ku bihumbi cumi nabirindwi namaganatatu namirongo itatu nabarindwi naho mu mu mwaka wibihumbi bibiri na cumi numunani baba ibihumbi cumi nicyenda namagana inani namirongotatu nababiri,minisiteri y'buringaniye n'iterambere ry'umuryango itangaza ko mu bihumbi binacumi na karindwi abangavubatewe nda imvura gihe n'abataragiye imyaka cumi munani y'amavuko bagera kuri ibihumbi cumi na birindwi magana atatu namirong itatu nabarindwi naho mu mwaka bibihumbi binacumi n'umunani baba ibihumbi cumi n'icyenda maganinani na mirongo itatu na babiri,0.7291666667000001,False
noella_1_4.mp3,noella_1_4.txt,mu mwaka wibihumbi bibiri na cumi nicyenda abazitewe barenga ibihumbi makumwabiri nabitatu mu mwaka wibihumbi bibiri na makumwabiriri imibare yabazitewe yerekana ko bagera ku bihumbi cumi nicyenda naho mu mwaka wibihumbi bibiri na makumwabiriri narimwe bageze ku bihumbi makumwabiri nabitatu,mu mwaka bihumbi bin nacumi icyenda abazitewe barenga iihumbi bakumyari na bitatu naho mu mwaka bihumbi bitu makumyabiri na makumyabiri imibare y'abazitewe yerekana ko bagera ku yumba icumi n'icyenda naho mu mwaka y'ibihumbi bi nabakmyari na rimwe bagize ku bihumbi makumyabiri na bitatu,0.65,False
noella_1_5.mp3,noella_1_5.txt,ubuhamya bwa bamwe mu bangavu batewe inda imburagihe bugaragaza ubunyamaswa bwabagabo bagiye babasambanya ku ngufu bakabatera inda bamwe batitaye ko bangana nabo babyaye,hamya bwa bamwe mubangavu batewa inda imburagihe bugaragaza ubunyamaswa bw'abagabo bagiye babasambanya ku ngufu bakabatira inda bamwe baititaye ko bangana nabo babyaye,0.3913043478,False
noella_1_6.mp3,noella_1_6.txt,umwangavu wimyaka cumi nitandatu wo mu murenge wa muganza mu karere ka gisagara avuga ko yize mu mashuri abanza ageze mu wa kabiri avamo ajya gukora akazi ko mu rugo bitewe nubukene bwari mu rugo rwabo iwabo babyaye abana barindwi we ni imfura muri bo,umwangavuga imyaka cumi n'intandatu wo mu murenge wa muganza mu karere ka gisagara avuga ko gize mu mashuri abanza ageze mu wa kabiri avamo ajya gukora akazi ko mu rugo bitewe n'ubukene bwari murugo rwabo iwabo babyaye abana barindwi we n'imfura mu ribu,0.2666666667,False
noella_1_7.mp3,noella_1_7.txt,mu buhamya bwe avuga ko yasambanyijwe numugabo wo mu rugo yakoragamo amufashe ku ngufu mu mwaka wibihumbi bibiri nacumi nakarindwi,mu buhamya bwe avuga ko yasambanyijwe n'umugabo wo murugo yakoragamo amufashe ku ngufu muri ibi binacumi na karindwi,0.45,False
noella_1_8.mp3,noella_1_8.txt,ati kubera ko iwacu turi abakene nagiye gukora akazi ko mu rugo kugira ngo njye mbona ibyo kurya twakundaga gusigarana mu rugo akansambanya ku ngufu akambwira ngo nimbivuga azanyica,ati kuwera ko iwacu turi abakene nagiye gukora akazi ko murugo kugira ngo njye mbona ibyo kurya twakundaga gusigarana mu rugo akansambanya ku ngufu akambwiya ngo ni imbivuga azanyica,0.27586206900000004,False
noella_1_9.mp3,noella_1_9.txt,avuga ko ikimubabaza ari uko bakimara kumenya ko atwite bahise bamwirukana asubira iwabo mu buzima bwa gikene aganira na igihe yari ahetse umwana wamezi ane ababazwa nuko uwo mugabo nta kintu na kimwe amufasha mu kurera uwo mwana,avuga ko ikimubabaza ari uko bakimara kumenya ko atwite bahise bamwirukana asubira iwabo mubuzima bwa gikene aganirana igihe thotcom yari ahetse umwana w'amezi ani abazwa nuko umugabo nta kintu kimwe amufasha mu kurera uwo mwana,0.3421052632,False
noella_1_10.mp3,noella_1_10.txt,undi mwangavu wahaye ubuhamya igihe ni uwo mu karere ka kayonza yagaragaje ko yasambanywaga numwarimu umwigisha mu mashuri abanza mu mwaka wibihumbi bibiri nacumi numunani,undi mwangavu wahaye ubuhamya igihe nuwo mu karere ka kayeyonza yagaragaje ko yasambanyaga n'umwarimu umwigisha mu mashuri abanza muri bibirira cumi n'umunani,0.44,False
noella_1_11.mp3,noella_1_11.txt,uwo mwangavu yize aba kwa nyirasenge ariko muri urwo rugo hacumbikaga umwarimu noneho akajya amufasha gusubiramo amasomo yumugoroba,uwo mwangavu yize aba kwa nyirasenge ariko muri urugorurwo hacumbikaga umwarimu noneho akajya amufasha gusubiramo amasomo y'umugoroba,0.2222222222,False
noella_2_1.mp3,noella_2_1.txt,ati masenge yamfataga nabi akanga ko ngira icyo mubwira ngo tuganire kuko iwacu twari abakeneubwo yari yarantegetse ko uwo mwarimu agomba kujya anyigisha isomo rya nimugoroba yanjyanaga mu nzu yo hanze aho acumbitse akansambanya,ati masengeye yamfataga nabi akanga ko ngira icyo mubwira ngo tuganire kuko iwacu twarabakene ubwo  yarantegetse ko umwarimu agomba kujya anyigisha isomo rya nimugoroba yandyanaga mu nzu yo hanze aho acumbitse akansambanyi,0.26470588240000004,False
noella_2_2.mp3,noella_2_2.txt,uyu mukobwa avuga ko yageze aho arwara ihahamuka yabona uwo mwarimu agahungabana,uyu mukobwa avuga ko yageze aho uyu mukobwa avuga ko yageze aho arwara ihahamuka yabona uwo mwarimu agahungabona,0.5833333333,False
noella_2_3.mp3,noella_2_3.txt,ati mu ishuri naramubonaga aje kutwigisha ngahahamuka nkarwara bagahita banjyana hanze noneho byageraga nimugoroba amasaha yo kujya kunyigisha ageze nkabura aho mpungira kuko yabaga yaraye ansambanyije yankomerekeje ntiyumvisha ukuntu agiye kongera agasubiza mu bisebe,ati mu ishuri naramubonagaje kutwigisha ngahahamuka nkarwara bagahita banjyana hanze noneho byageraga nimugoroba amasaha yo kujya kunyigisha ageze nkaburaho mpu ngira kuko yabaga yaraye ansambanyije yankumerekeje nkiyumvisha ukuntu agiye kongeya agasubiza kongera agasubiza mu gisebe,0.3529411765,False
noella_2_5.mp3,noella_2_5.txt,ibibazo yahuye nabyo yabiganirije umuforomo wo ku kigo nderabuzima aramuhumiriza amufasha kwiyakira ubu yamaze kubyara,ibibazo yahuye na byo yabiganije umufaromo wo ku kigo nderabuzima aramuhumuriza amufasha kwiyakira uu yamaze kubyara,0.6000000000000001,False
noella_2_6.mp3,noella_2_6.txt,undi mwangavu wo mu murenge wa musambira mu karere ka kamonyi avuga ko yatangiye gusamabanywa numugabo afite imyaka cumi nibiri icyo gihe yari umunyeshuri yiga mu mwaka wa kane wamashuri abanza yamusambanyaga abanje kumushukisha amafaranga,undi mwangavuo mu murenge wa musambira mu karere ka kamonyi avuga ko yatangiye gusambanywa n'umugabo afite imyaka cumi n'ibiri icyo gihe yari umunyesuriga mu mwaka wa kane w'amashuri abanzi yamusambanyaga abanje kumushikisha amafaranga,0.3142857143,False
noella_2_7.mp3,noella_2_7.txt,uwo mugabo yaje kumutera inda amwanduza virusi itera sida amaze kumenya ko atwite yahise amureka ndetse ntiyamufasha no kurera umwana,uwo mugabo yaje kumutera inda amwanduza virusi itera sida amaze kumenya ko atwite yahise amureka ndetse ntiyamufasha no kurera umwana,0.1,False
noella_2_8.mp3,noella_2_8.txt,ati nta kintu yigeze amfasha kuko numwana atamwemeye kuri ubu nta nubwo tukivugana cyane kuko tudahuza,nta kintuyigeze amfashe ko ni umwana atamwemeye kuri ubu ntani ubwo tukivugana cyane ko tudahuza,0.75,False
noella_2_9.mp3,noella_2_9.txt,undi mukobwa wo mu karere ka gisagara yatewe inda mu mwaka wa bibiri na cumi na karindwi ananduzwa sida numugabo ubwo yakoraga akazi ko mu rugo mu mujyi wa kigali,undi mukobwa wo mu karere ka gisagara yatewe inda mu mwaka wabiri nacumi na kayinzwi ananduzwa sida n'umugabo ubwo yakoraga akazi ko murugo mu mujyi wa kigali,0.30000000000000004,False
noella_2_10.mp3,noella_2_10.txt,ubwo yahuraga numunyamakuru wa igihe yari avuye ku kigo nderabuzima gufata ibiryo nimiti byumwana we kuko agaragaraho imirire mibi nibimenyetso byo kugwingira yamugaragarije ko abayeho mu buzima bushaririye,ubwo yahoraga n'umunyamakuru wa igihe yari avuye ku kigo ndeabuzima gufata ibiryo n'imiti by'umwana we kuko agaragaraho imihire mibi niibimenyetso byo kugwingira yamugaragarije ko abayeho mu buzima bushaririye,0.3571428571,False
noella_2_11.mp3,noella_2_11.txt,yagize ati aho nakoraga i kigali namenyanye numugabo wakoraga akazi ko kogosha yarambwiye ngo njye kumusura ngezeyo amfata ku ngufu antera inda nyuma naramushatse ndamubura aho nakoraga baranyirukana ngaruka mu rugo,yagize ati aho nakoreraga i kigali namenyanye n'umugabo wakoraga akazi ko kogosha yarambwiye ngo njye kumusura ngezeyo amfata ku ngufu antirinda nyuma naramushatse ndamubure aho aho nakoraga barangirukana ngaruka murugo,0.3870967742,False
noella_2_12.mp3,noella_2_12.txt,umukobwa wimyaka cumi nine yamavuko wo mu murenge wa kitabi mu karere ka nyamagabe yahuye numunyamakuru wa igihe mu mwaka wa bibiri na mwaka wibihumbi bibiri na makumyabiri na rimwe atwite inda nkuru yatewe imburagihe,umukobwa w'imyaka cumi n'ine y'amavuko wo mu murengera kitabi mu karere ka nyamagabe wahuye n' umunyamakuru wa igihe muri birino makumyabiri na rimwe atwita inda nkuru yatewe imburagiye,0.5428571429,False
noella_3_1.mp3,noella_3_1.txt,avuga ko yafashwe ku ngufu numugabo utuye hakurya yiwabo mu mudugudu wa subukiniro amutera inda muri nzeri bibiri na makumyabiri na makumyabiri ubwo yari yagiye mu ishyamba kwahira ubwatsi bwamatungo icyo gihe yari umunyeshuri yiga mu mwaka wa gatanu wamashuri abanza,avuga ko yafashwe ku ngufu n'umugabo utuye hakurya y'iwabo mu mudugudu wa sbukiniro amutera inda muri nzeri ri nabakunyahiri namakumyabir ubwo yagiye mu ishyamba kwahira bwatsi bw'amatungo icyo gihe yari umunyeshuri yiga mu mwaka wa gatanu w'amashuri abandi,0.3170731707,False
noella_3_2.mp3,noella_3_2.txt,ati yansanze mu ishyamba aho nari ndi kwahira mbona ari kundebana umujinya arangije aramfata ni umugabo wari ushinzwe gucunga ibinyomoro ariko ndamuzi,ati yansanze mu ishyamba aho nandi kwahira mbona arikundebana umujinya arangije aramfata n'umugabo wari ushinzwe gucunga ibinyomoro ariko ndamuzi,0.4090909091,False
noella_3_3.mp3,noella_3_3.txt,uwo mugabo yaramusambanyije amwangiza nimyanya yibanga ibyo bikimara kuba yaratashye agira ubwoba bwo kubibwira ababyeyi be kuko ngo uwo mugabo wamusambanyije yari yamubwiye ko nabivuga azamwica,uwo mugabo usambanyije amwangiriza n'imyanya y'ibanga ibyo bikimara kuba yaratashye agira ubwoba bwo kubibwira ababyeyi be kuko ngo uwo mugabo wamusambanyije yari amubwiye ko nabivuga azamwica,0.2307692308,False
noella_3_4.mp3,noella_3_4.txt,nyuma yaho yumvise akomeje kubabara mu gitsina abwira nyina ibyamubayeho na we ahita amujyana kwa muganga bamupimye basanga atwite,nyuma y'aho yumvise akomeje kubabara mu gitsina abwira nyina ibyamubayeho nawe ahita amujyana kwa muganga bamupimye basa ngatwite,0.3157894737,False
noella_3_5.mp3,noella_3_5.txt,umugabo wimyaka mirongo itatu nirindwi nukomoka mu bwongereza ricky william lightfoot yegukanye umwanya wa mbere mu irushanwa rya man versus horse marathon,umugabo w'imyaka minotatu ni yindwi ukomoka mu bwongereza rik william ligkfort yegukanya umwanya wa mbere mu ishanwa rya man vricius hose marton,0.6363636364,False
noella_3_6.mp3,noella_3_6.txt,iri ni isiganwa ngarukamwaka ribera mu nzira zinzitane mu mihanda myiza no mu misozi amafarashi atwawe nabantu aba asiganwa ku ntera yibilometero mirongo itatu na bitanu nabantu bari kugenda namaguru,iri n'isiganwa ngarukamwaka ribera mu nzira zinzitane mu mihanda myiza no mu misozi amafarashi atwaye n'abantu abasiganwa ku ntera y'ibilometero myotatu nabitanu n'abantu bari kugenda n'amaguru,0.5,False
noella_3_7.mp3,noella_3_7.txt,ricky yabaye uwa gatatu yegukanye iri rushanwa mu mateka yaryo kuva ryatangira mu mwaka wigihumbi kimwe na magana icyenda mirongo inani yavuze ko yamaze amasaha makumyabiri nicyenda adasinziriye mbere yuko ritangira,rik yabaye uwa gatatu yegukanye iri rushanwa mu mateka ryo kuva ryatangira mu gihmbi kimwe magaratsenda mirongo inani yavuze ko yamaze amasaha makumyabi nicyenda adasinziriye mbere y'uko ritangira,0.4193548387,False
noella_3_8.mp3,noella_3_8.txt,kuko muri iri siganwa abantu namafarasi bakoresha inzira zitandukanye ricky william yahishuye ko ubwo yageraga ku murongo wo gusorezaho atari azi ko ari we watsinze,a muri iri ri siganwa abantu n'amafarasi bakoresha inzira zitandukanye rik william yashuye ko ubwo yageraga birongo wo gusorezaho atari azi ko ariwe watsinze,0.48,False
noella_3_9.mp3,noella_3_9.txt,yasize amafarashi mirongo itatu akoresheje amasaha abiri iminota makumyabiri nibiri namasegonda makumyabiri natatu   ,yasizeye amafarasi mirongo itanu akoresheje amasaha abiri iminota amakumyabiri n'ibiri n'amasego nd'amakumyabiri natatu,0.6153846154,False
noella_3_10.mp3,noella_3_10.txt,ifarashi yaje ku mwanya wa mbere william yayisize iminota ibiri,sheaje ku mwanya wa mbere wildiam yayisize imyota ibiri,0.5,False
noella_3_11.mp3,noella_3_11.txt,isiganwa ryaberaga mu gace ka llanwrtyd wells mu mujyi wa powys muri ecosse wales,isiganwa ryaberaga mu gace ka anlant fusenting was mu mujyi wa poy  muri cose ubes,0.4285714286,False
noella_3_12.mp3,noella_3_12.txt,geoffrey allen ni we munyamagaru waherukaga kuryegukana akoresheje amasaha abiri iminota mirongo itatu numwe namasegonda makumyabiri natandatu  mu gihe uwaryegukanye bwa mbere ari zoe white akoresheje amasaha abiri iminota irindwi namasegonda mirongo itatu natandati mu mwaka wa bibiri na kane,jofre alen niwe munyamaguru waherukaga kuryegukana akoresheje amasaha abiri iminota mirongo itatu na rimwe n'amasego ndamakumyabiri natandatu mu gihe waryegukanye bwa mbere ariwe zowhit akoresheje amasaha abiri imot irindwi n'amasego ndamirongo itatu natandatu muri ibibiri na nacka,0.625,False
noella_3_13.mp3,noella_3_13.txt,ricky william lightfoot yegukanye amayero ibihumbi bitatu na magana atanu nkigihembo nyamukuru,winiam rigtforts yegukanye amayero ibihumbi bitatu magana atanu nk'igihombi nyamukuru,0.5,False
noella_4_1.mp3,noella_4_1.txt,repubulika yabaturage yu bushinwa yohereje wang xuekun ngo ahagararire inyungu zicyo gihugu mu rwanda asimbuye ambasaderi rao hongwei uherutse gusoza inshingano ze,republika y'abaturage y'ubushinwa yohereje wange xecun ngo ahagarare inyungu z'icyo gihugu mu rwanda asimbuye ambasadr raon hongay uherutse gusoza inshingano ze,0.5454545455,False
noella_4_2.mp3,noella_4_2.txt,ambasaderi mushya wu bushinwa mu rwanda wang xuekun yakiriwe na minisitiri wububanyi namahanga nubutwererane dr biruta vincent amushyikiriza kopi zimpapuro zimwemerera guhagararira igihugu cye i kigali,ambasaderi mushya w'ubushimwa mu rwanda wongswekoyakiriwe na ministre w'ububanyi n'amahanga n'ubutwererane dr biruta vencer'amushyikiriza kopi z'impapuro zimwemerera guhagarira igihugu cye i kigali,0.5769230769,False
noella_4_3.mp3,noella_4_3.txt,minisitiri dr biruta na ambasaderi wang xuekun kandi bagiranye ibiganiro byibanze ku kurushaho guteza imbere ubufatanye numubano mwiza usanzwe hagati yibihugu byombi,tr dr biruta na ambasaderi wang secun kandi bajyanye ibiganiro byibanze kukurushaho guteza imbere ubufatanye n'umubano mwiza usanzwe hagati y'ibihugu byombi,0.3636363636,False
noella_4_4.mp3,noella_4_4.txt,amb rao hongwei uherutse gusoza inshingano zo guhagarira igihugu cye mu rwanda yari yazitangiye mu mwaka wa bibiri na cumi na karindwi mu bikorwa yakoze harimo gukomeza gushimangira umubano w ibihugu byombi no kwagura inzego bifatanyamo,sabed hawo hongey'uherutse gusoza inshingano zo guhagarinshingano zo guhagararira igihugu cye mu rwanda yari yazi itangiye muri i in acumi na karindwi mu bikorwa yakoze harimo gukomeza gushimangira umubano w'ibihugu byombi no kwagura inzengo bifatanyamo,0.5277777778,False
noella_4_5.mp3,noella_4_5.txt,ambasaderi mushya wu bushinwa mu rwanda wang xuekun yavutse mu gihumbi kimwe magana cyenda na mirongo itandatu numunani akaba afite impamyabushobozi yikirenga phd mu bijyanye na engineering abarizwa mu ishyaka rya communist party of china riri ku butegetsi muri icyo gihugu,mbasaderi mushya w'ubushimwa mu rwanda wongk gsecun yavutse mu gihmbi kimwe magana cyenda mirongo itandatu n'umunani akaba afite impamyabushobozi y'ikirenga pecd mu bijyanye na ingina ring'abayizwa mu ishyaka rya comye nitist comminis park'ofsiner riri ku butegetsi muri icyo gihugu,0.4146341463,False
noella_4_6.mp3,noella_4_6.txt,ubwo yageraga i kigali ku nshuro ye ya mbere mu mpera za gicurasi bibiri na makumyabiri na kabiri ari kumwe numuryango we amb wang yavuze ko ubwo azaba amaze guhabwa uburenganzira bwo guhagararira igihugu cye mu rwanda azashyira imbere kwagura umubano nubuhahirane hagati yimpande zombi,o yagiyaga i kigali ku nshuro ye ya mbere mu mpera za gishulasi yibiri na makumyabiri na kabiri arik umwe n'umuryango we ambasaderi wank yavuze ko ubwo azaba bamaze guhabwa uburenganzira bwo guhagararira igihugu cye mu rwanda aza yashyira imbere kwagura umubano n'ubuhahirane hagati y'impande zoni,0.3777777778,False
noella_4_7.mp3,noella_4_7.txt,umubano wu rwanda nu bushinwa umaze igihe kirekire ushingiye ku bufatanye ubwubahane no gushyigikirana mu ugushyingo bibiri na makumyabiri na rimwe nibwo hizihijwe imyaka mirongo itanu yumubano mwiza nubufatanye bwimpande zombi,mubano w'u rwanda n'ubushinwa umaze igihe kiresire ushingiye ku bufatanye ubwubahane no gushyigikirana mu gushyingo bbiri na makumyabiri na rimwe nibwo hizihijwe imyaka mirongo itanu y'umubano mwiza n'ubufatanye bw'impande zombi,0.4516129032,False
noella_4_8.mp3,noella_4_8.txt,ibihugu byombi bifatanya mu mishinga yishoramari ibikorwaremezo ikoranabuhanga ubucukuzi bwamabuye yagaciro ubwikorezi bwo mu kirere uburezi kubaka ubushobozi ubuzima ubucuruzi ubukerarugendo ubuhinzi umutekano nindi iteza urwa gasabo imbere,ibihugu byombi bifatanya mu mishinga 'ishoramari ibikorwaremezo ikorananabuhanga ubucukuzi bw'amabuye y'agaciro ubwikorezi bwo mu kirere uburezi kubaka ubushobozi ubuzima ubucuruzi ubukerarugendo ubuhinzi umutekano n'indi iteza urwa gasabo imbere,0.5,False
noella_4_9.mp3,noella_4_9.txt,mu mwaka wa bibiri na makumyabiri u bushinwa bwohereje mu rwanda ibicuruzwa bifite agaciro ka miliyoni magana abiri na mirongo inani nebyiri zamadolari mu gihe ibyo u rwanda rwoherejeyo bingana na miliyoni mirongo itatu numunani na magana arindwi zamadolari ishoramari ryabwo ryageze kuri miliyoni makumyabiri neshatu nibihumbi cumi na bitandatu byamadolari rivuye kuri miliyoni cumi na zirindwi zamadolari yo muri bibiri na cumi nicyenda,mu mwaka wa bibili nabakumyabiri ubushinwa bwohereje mu rwanda ibicuruzwe bifite agaciro ka miliyoni mgaranmirongo inani niebyiri z'adoradi mu gihe ibyo u rwanda rwoherejeyo bingana na miliyoni mirongo itatu n'umunani n'ibice birindwi by'amadolari ishoramari ryabwo byageze kuri miliyoni makumyabiri n'eshatu n'ibicecumi na bitandatu by'amadolari bivuye k miliyoni cumi nazirindwi z'amadolari byo muri biri na cumi nacumi n'icyenda,0.453125,False
noella_4_11.mp3,noella_4_11.txt,mu bijyanye nibikorwaremezo u bushinwa ni bwo bwatanze inkunga nini mu kubaka imihanda myinshi mu rwanda bwafashije igihugu mu iyubakwa ryingana na mirongo irindwi ku ijana byiyo gifite,mu bijyanye n'ibikorwayemezo ubushinwa nibwo bwatanze inkunganini mu kubaka imihanda myinshi mu rwanda bwafashije igihugu muyubakwa ringana na mirongo indwi ku ijana by'ibyo gifite,0.5,False
noella_5_1.mp3,noella_5_1.txt,ikigo cyimisoro namahoro rra cyaciye abacuruzi mirongo itatu numwe amande ya miliyoni cumi numunani nibihumbi ijana na mirongo itatu na magana inani na cumi byamanyarwanda kubera kudakoresha neza ikoranabuhanga rya ebm,igo cy'imisoro n'amahoro rwanda reven'otherit cyaciye acuruzi mirongo itatu n'umwe amande y miliyoni icumi n'umunani ihumbi ijana na mirongo itatu maghaninani na cumi by'abanyarwanda kubera kudakoresha neza ikoranabuhanga rya ibiem,0.4516129032,False
noella_5_2.mp3,noella_5_2.txt,nubwo hakigaragara umubare munini wabacuruzi badakozwa ubu buryo bwo gukoresha ebm hakaba hari nababukoresha nabi ikigo cyigihugu cyimisoro namahoro rra gikomeza gushyiramo ingufu mu rwego wo kunoza imitangire yumusoro ku nyongeragaciro tva,no bwa kigaragara umubare umunini w'abacuruzi badakozwa ubu buryo bwo guoresha i biam hakaba hari n'ababukoresha nabi ikigo cy'igihugu cy'imisoro n'amahoro rwanda raven'othrik gikomeza gushyiramo ingufu mu rwego rwo kunoza imitangire y'umusoro kunyongeragaciro tv'a,0.59375,False
noella_5_3.mp3,noella_5_3.txt,mu itangazo ryashyizweho umukono na komiseri mukuru wikigo cyimisoro namahoro rra bizimana ruganintwali pascal rigaragaza urutonde rwabacuruzi nibihano kuri buri wese kubera kudakoresha neza ebm mu bucuruzi bwabo urutonde rwatangajwe kuwa cumi na gatatu kamena ibihumbi bibiri na makumyabiri na kabiriruriho abacuruzi makumyabiri na batatu batubahirije inshingano zo gukoresha ebm ndetse nabacuruzi umunani bakoze amakosa yo gutubya umusoro,zo ryashyizweho umukono na komiseri mukuru w'ikigo cy'imisora n'amahoro rwanda riveniustrik bizimana ruganintwari pascal rigaragaza urutonde rw'abacuruzi n'ibihano kuri buri wese kubera kudakoresha reza i biem mu bucuruzi bwabourutonde rwatangajwe ku bacumiya gatatu kamena bibiri na makumyabiri na kabiri ruriho abaturuzi makumyabiri na batatu batubahirije inshingano zo gukoresha i biem ndetse n'abacuruzi umunani bakoze amakosa yo gutubya umusoro,0.4655172414,False
noella_5_4.mp3,noella_5_4.txt,abacuruzi makumyabiri na batatu batakoresheje inyemezabuguzi ya ebm umunani muri bo bahanishijwe amande yikubye kabiri umwe ahanishwa amande yikubye kane barindwi bahanishwa amande yikubye inshuro icumi nabandi barindwi bahanishwa amande yikubye inshuro makumyabiri byumusoro wose wari wanyerejwe,abacuruzi makumnyabiri na batatu batakoresheje inyemezabuguzi ya i biem umunani muri bo bahanishijwe amande yikubye kabiri umwe ahanishwa amande yikubyekanebarindwi bahanisha bahanishwa amande yikubye inshuro icumi n'abandi barindwi bahanishwa amande yikubye inshoro amakumyabiri by'umusoro wose wari wanyerejwe,0.3243243243,False
noella_5_5.mp3,noella_5_5.txt,uwaciwe amande ari hejuru ni sosiyete yaciwe miliyoni enye nibihumbi magana ane byamafaranga yurwanda nyuma yo gukuba inshuro makumyabiri umusoro wari wanyerejwebivuze ko hanyerejwe amafaranga ibihumbi magana biri na makumyabiri na kimwe nijana na mirongo inani natandatu yamanyarwanda,uwaciwe amanda yari hejuru n'isosiyete yaciwe miliyoni enye n'ibice bineby'amafaranga y'u rwanda nyuma yo gukuba inshuro makumyabiri umusoro wari wanyerejwe  bivuze ko hanyerijwe amafaranga ibihumbi magana abiri n'amakumyabini kimwe n'amafaranga ijana ra mirongelani natandatu y'u rwanda,0.5789473684,False
noella_5_6.mp3,noella_5_6.txt,ku ruhande rwabatubije umusoro bagatanga inyemezabuguzi zidahwanye nibyo abaguzi bakuye mu maduka harimo batanu bahanishijwe amande yikubye inshuro icumi ku musoro wari wanyerejweabandi batatu bahanishwa amande yikubye inshuro makumyabiri,ande rwatsubije umusoro bagatanga inyemezabuguzi zidahwanye n'ibyo abaguzi bakwuye mu maduka harimo batanu bahanishijwe amande iyikubyinshui icumi ku musoro wari wanyerejwe abandi batatu bahanishwa amande yikubye inshoro makumyabiri,0.41379310340000003,False
noella_5_7.mp3,noella_5_7.txt,amande yose yaciwe aba bacuruzi bagaragazwa na rra ni amafaranga asaga miliyoni cumi numunani zamafaranga yurwanda,manta yose yaciwe aba bacuruzi mbagaragazwa na rwanda revenotherik niya mafaranga asaga miliyoni cumi n'umunani z'amafaranga y'u rwanda,0.5,False
noella_5_8.mp3,noella_5_8.txt,muri bibiri na cumi na gatatu ni bwo mu rwanda hatangijwe gahunda yo gutanga inyemezabuguzi mu buryo bwikoranabuhanga ebm,ri bihui muri ibib na cumi na gatatu nibwo mu rwanda hatangijwe gahunda yo gutanga inyemi izabuguzi mu buryo bw'ikoranabuhanga i biam,0.5263157895,False
noella_5_9.mp3,noella_5_9.txt,rra igaragaza ko gushyira ahagaragara urutonde rwabacuruzi badakoresha neza ebm bigamije gukangurira abandi batazikoresha kurushaho kubyitabira cyane ko umucuruzi utayikoresha ahanwa hakurikijwe ibyo itegeko riteganya,da reveneoutrik igaragaza ko gushyira ahagaragara urutonde rwaba bacuruzi badakoresha neza e biam bigamije gukangurira abandi batazikoresha kurushaho kubyitabira cyane ko umucuruzi utayikoresha ahanwa hakwikijwe ibyo itegeko riteganywa,0.32,False
noella_5_10.mp3,noella_5_10.txt,mu bihumbi bibiri na cumi nicyenda hasohotse itegeko rigena ko nabantu batabaruye muri tva batangira gukoresha ebm mu bikorwa byabo bya buri munsi,mu bihumbi  nacumi n'icyenda hasohotse itegeko rigena ko n'abantu batabaruye muri tiviay batangira guhoesha i biem mu bikorwa byabo bya buri munsi,0.4347826087,False
noella_5_11.mp3,noella_5_11.txt,rra kandi yakanguriye abaguzi bose gusaba inyemezabuguzi ya ebm ndetse bakibuka no kugenzura ko amafaranga bishyuye ahuye nayanditse ku nyemezabwishyu bahawe,rwanda reventiotrik yakanguriye abaguzi bose gusaba inyemezabuguzi ya ibiam ndetse bakibuka ko kugenzura ko amafaranga yishyuye ahuye nanditse kunyemezabwishyu bahawe,0.4285714286,False
noella_6_2.mp3,noella_6_2.txt,ni ubutumwa bwatangiwe mu muhango wo gutangiza icyumweru cyuburezi mu mashuri yiri torero wabereye mu karere ka bugesera ku wa cumi na gatatu kamena bibiri na makumyabiri na kabiri,ni ubutumwa bwatangiwe mu muhango wo gutangiza icyumweru cy'iburezi mu mashuri y'iri torero wabereye mu karere ka bugesera ku wacumi nagatatu kamena biri nabakumyabiri na kabizi,0.37931034480000003,False
noella_6_3.mp3,noella_6_3.txt,icyumweru cyuburezi ni ubwa mbere giteguwe ku rwego rwa adepr ubuyobozi bwavuze ko hatekerejwe no ku kwagura ibikorwainzego zuburezi nubuvuzi zikarushaho gushyirwamo imbaraga,icyumweru cy'uburezi n' ubwa mbere giteguwe ku rwego rwa adpr'ubuyobozi bwavuze ko hategerejwe no no kukwagura ibikorwa inzego z'uburezi n'ubuvuzi zikarushaho gushyirwamo imbaraga,0.5217391304,False
noella_6_4.mp3,noella_6_4.txt,umushumba mukuru wungirije wa adepr pasiteri rutagarama eugne yavuze ko iri torero ryifuza kubaka uburezi bufite ireme atari ukugira amashuri ameze nkumutako,umusumba mukuru wungirije wa the per pasiteri rutagarama eugan yavuze ko iyi torero byifuza kuba ku burezi bufite ireme atari ukugira amashuri ameze nk'umutako,0.4545454545,False
noella_6_5.mp3,noella_6_5.txt,ati ni gahunda itari imenyerewe impinduka twifuza ntabwo zizareba urwego rumwe rwivugabutumwa hari nubumenyi bukenewe turi mu mavugurura niki twabonye ko ari ngombwa ntabwo twifuza kugira ibigo byimitako ahubwo bigomba kujyana nireme ryuburezi butangirwamo,ati ni gahunda itayimenyerewe impinduka twifuza ntabwo zizareba urwego rumwe rwivugabuts umwe hari n'ubumenyi bukenee turi m mavugurura turi mu mavugurura ni iki twabonye ko ari ngombwa ntabwo twifuza kugira ibigo by'imitako ahubwo bigomba kujyana n'ireme ry'uburezi butangirwamo,0.5,False
noella_6_6.mp3,noella_6_6.txt,turacyafite urugendo runini kugira ngo ibigo byacu bimere neza kandi ntitwabigeraho uruhare rwacu rutagaragaye nkitorero ndetse hatariho ubufatanye bwabayobozi bibigo ababyeyi nubuyobozi bwa leta,acyafite urugendo runini kugira ngo ibigo byatsu bimiye neza kandi ntitwabigeraho uruhare rwacu rutagaragaye nk'itorero ndetse atariho ubufatanye n'abayobozi b'ibigo ababyeyi n'ubuyobozi bwa leta,0.375,False
noella_6_7.mp3,noella_6_7.txt,pasiteri rutagarama yashimye ubufatanye bwa leta na adepr mu byuburezi burimo kuba leta itanga imishahara yabarimu ubutaka bwo kwaguriraho ibikorwaremezo nibindi,pasiteri rutagarama yashimiye ubufatanye bwa leta na ade pea mu by'uburezi burimo kuba leta itanga imishahara y'abarimu ubutabuka bwo kwaguriraho ibikorwa remezo n'ibinzi,0.4285714286,False
noella_6_8.mp3,noella_6_8.txt,umunyamabanga nshingwabikorwa wintara yiburasirazuba dr nyirahabimana jeanne yavuze ko uyu ari umusanzu ukomeye adepr izanye witezweho ibisubizo byibibazo bisanzwe bihari,umunyamabanga nshingwabikorwa w'intara y'iburasirazuba dr nyirahabimana jane yavuze ko uyari bo musanze ikomeye ad pr'izan witezweho ibisubizo by'ibibazo bisanzwe biharii,0.5,False
noella_7_1.mp3,noella_7_1.txt,ati igihe cyose uburezi bugiye gukorwaho nabantu batandukanye ni ibintu biduha umusaruro iyo turebye ibiteganyijwe gukorwa muri iki cyumweru cyuburezi turasanga hazaboneka ibisubizo byinshi byibibazo duhura na byo,ati igihe cyose burezi bugiye gukorwaho n'abantu batandukanye ni ibintu biduha umusaruro iyo turebya ibiteganyijwe gukorwa muri ki cyumweru cy'uburezi turasanga hazaboreka ibisubizo by'ibibazo duhura nabyo,0.4285714286,False
noella_6_1.mp3,noella_6_1.txt,ubuyobozi bwitorero rya pentekote mu rwanda adepr bwatangaje ko mu mavugurura bwatangiye harimo gushyira imbaraga mu bizamura imibereho yabaturage aho kwita ku ivugabutumwa gusa,ubuyobozi bw'itorero rya pentekote mu rwanda ad pr bwatangaje ko mu mavugurura bwatangiye harimo gushyira imbaraga mu bizamura imibereho ry'abaturage aho kwita ku ivugabutumwa gusa,0.25,False
noella_7_2.mp3,noella_7_2.txt,mu bizakorwa harimo ubukangurambaga ku kurwanya ibiyobyabwenge ninda zitateguwe mu banyeshuri gusubiza mu ishuri abaritaye nibindi ku nsanganyamatsiko igira ati uburezi bufite ireme ishingiro ryiterambere rirambye,mu bizakorwa harimo ubukangurambaga ku kurwanya ibiyobyabwenge nindazitateguwe mu banyeshuri gusubiza ishuri abaritaye n'ibinzi ku nsanganyamatsiko igize ko nsanganyamatsiko igira iki uburezi bufite ireme ishingiro ry'iterambere rirambye,0.5,False
noella_7_3.mp3,noella_7_3.txt,dr nyirahabimana yavuze ko ari ubukangurambaga bwunganira ubundi ubwo bufatanye bukaba ari bwo butanga umusaruro wuburezi bufite ireme yasabye adepr gukomeza muri uwo murongo yizeza ko leta na yo izakomeza gutanga umusanzu wayo,dr nyirahabimana yavuze ko ari ubukangurambaga bwuganira ubunzi ubwo bufatanye bukaba ari bwo butanga umusaruro w'uburizi bufite ireme yasabye ade per gukomeza muri uwo murongo yiziza ko leta nayo izakomeza gutanga umusanzu wayo,0.303030303,False
noella_7_4.mp3,noella_7_4.txt,seneza jean paul uhagarariye umuryango uvuga ubutumwa bwiza mu rubyiruko binyuze muri siporo ambassadors football yavuze ko bidashoboka guteza imbere uburezi usize siporo inyuma ikaba ari yo mpamvu mu bigo byamashuri bya adepr hashyizwemo gahunda yo kwigisha umupira wamaguru,seneza jean pouluhagarariye umuryango uvuga ubutumwa bwiza mu rubyiruko binyuze muri siporo ambasadasi fotbal'yavuze ko bidashoboka guteza imbere uburezi usize siporo inyuma ikaba ari yo mpamvu mu bigo by'amashuri bya deperi hashyizwemo gahunda yo kwigisha mu mupira w'amaguru,0.2820512821,False
noella_7_5.mp3,noella_7_5.txt,itorero adepr rifite ibigo byamashuri yincuke abanza nayisumbuye birenga magana atatu hirya no hino mu gihugu,itorero ade per rifite ibigo by'amashuri y'inshuke abanza nayisumbuye birenga amagana atatu hirya no hino mu gihugu,0.4375,False
noella_7_6.mp3,noella_7_6.txt,urukiko rwubujurire mu bwongereza rwateye utwatsi icyifuzo cyabimukira nimiryango yasabaga ko batakoherezwa mu rwanda ni icyemezo kije gishimangira icyurukuru cyafashwe mu cyumweru gishize,rukiko rw'ubujurire mu bwongereza rwateye utwatsi icyifuzo cyabimukira n'imiryango yabasabaga ko batakoherezwa mu rwanda ni icyemezo kijje gishimangira icy'urukiko rcyafashwe mu cyumweru gishize,0.4347826087,False
noella_7_7.mp3,noella_7_7.txt,ibi bisobanuye ko indege ya mbere izatwara abimukira izahaguruka kuri uyu wa kabiri tariki ya cumi nenye kamena bibiri na makumyabiri na kabirinkuko byari biteganyijwe urukiko rwavuze ko politiki yu bwongereza yo kohereza abimukira mu bindi bihugu ifite ishingiro kandi ari inyungu rusange,ibi bisobanuye ko indege ya mbere izatwara bimukira izahaguruka kuri uyu wa kabiri tariki icumi n'enye kamena binamakumyabiri na kabiri nk'uko byari biteganyijwe urukiko rwavuze ko politiki y'ubwongereza yo kohereza abimukira mu bindi bihugu ifite ishingiro kandi ari inyungu rusange,0.3023255814,False
noella_7_8.mp3,noella_7_8.txt,urukiko rwavuze ko abantu cumi numwe ari bo bashobora kurira indege ya mbere ibajyanye i kigali gusa umuryango care4calaisuri mu irwanya iyi gahunda wavuze ko abantu umunani ari bo bashobora kurira indege,urukiko rwavuze ko abantu icumi ni umwe ariwo bashobora kwirinda indege ya mbere yibajyanye i kigali gusa umuryango wa kea fokalaus'uri uri mwirwanya iyi gahunda wavuze ko abantu umunani ari wo bashobora kuririnda indege,0.46875000000000006,False
noella_7_9.mp3,noella_7_9.txt,mu cyumweru gishize abarwanya gahunda yo kohereza abimukira mu rwanda baratsinzwe kuko urukiko rukuru mu bwongereza rwemereye guverinoma yicyo gihugu kubikora,mweru gishize abarwanya gahunda yo kohereza abimukira mu rwanda baratsinzwe kuko urukiko rukuru mu bwongereza rwemereye guverinoma y'icyo gihugu kubikora,0.2380952381,False
noella_7_10.mp3,noella_7_10.txt,umubare wabagombaga kugenda ku ikubitiro waragabanutse kuko ku byari biteganyijwe ko bari mirongo itatu na barindwi ariko inzitizi zatanzwe zishingiye ku mategeko agenga abimukira nuburenganzira bwa muntu zituma bagabanuka,umubare w'abagombaga kugenda ku ikubitiro waragabanutse kuko ku byayi biteganyijwe ko bari mirongo itatu nabarindwi ariko inzitizi zatanzwe zishingiye ku mati ku mategeko agenga bimukira n'uburenganzira bwa muntu zituma bagabanuka,0.3103448276,False
noella_8_1.mp3,noella_8_1.txt,ku wa gatanu wicyumweru gishize hafashwe umwanzuro wo kutohereza abantu batandatu bari ku rutondeaba bakurikira abandi makumyabiri na bo barukuweho mu mpera ziki cyumweru ibi biratuma hasigara cumi numwe barimo bane bakomoka muri iran babiri bo muri albania umwe wo muri syria babiri bo muri iraq abandi ntihahishuwe ubwenegihugu,kuwa gaanu w'icyumweru gishize hafashwe umwanzuro w'uko kutohereza abantu batandatu bari ku rutonde aba bakurikira abandi bakumyabirihumubare wabagombaga kuwa gatau 'icymweru gishize hafashwe umwanzuro wo kutohereza abantu batandatu bari ku rutonde aba bakurikira abanzi makumyabiri nabo baharukuweho umumpez iki cyumweru ibi baratuma hasigara cumi n'umwe barimo bane bakomoka muri ilan babiri bo muri albania umwe wo muri siria biri babiri bo muri irack'abandi ntihahishuwe ubweneyigihugu,0.7755102041,False
noella_8_2.mp3,noella_8_2.txt,umwanditsi wa bbc mark easton avuga ko bishoboka ko umubare ushobora gukomeza kumanuka kugera kuri zero mbere yuko isaha yo guhaguruka kwindege igera ku wa gatanu abantu ijana na mirongo itatu bari bafite ubutumwa ko bashobora koherezwa mu rwanda,umwanditsi wa bibicy mark'eston'avuga ko bishoboka ko umubari ushobora gukomeza kumanuka kugera kuyizera mbere ko isa isaha yo guhaguruka kw'indege igera kuwa gatanu abantu ijana na mirongo itatu bari bafite ubutumwa bwo ko bashobora koherezwa mu rwanza,0.3846153846,False
noella_8_3.mp3,noella_8_3.txt,nubwo hakomeje inkundura yo kwirukana abimukira mu bwongereza ntibibuza abandi kwinjira kuko ku cyumweru abagera ku ijana na cumi numwe binjiye bajyanywe nubwato buto butatu mu gihe abarenga igihumbi ari bo binjiye muri uyu mwaka wose,nubwo hakomeje inkundura yo kwirukana abimukira mu bwongereza ntibibuza abandi kwinjira kuko kucyumweru abagera kujana na cumi n'umwe binjiye bajyanwe n'ubwato ubuto butatu mu gihe abarenga igihumbi aribo binjiye muri uyu mwaka wowese,0.30555555560000003,False
noella_8_4.mp3,noella_8_4.txt,u rwanda rwagiranye amasezerano nu bwongereza agena ko aba bimukira bazajya bafatwa bakazanwa mu rwanda ababishaka bagahitamo gusubira mu bihugu byabo mu gihe nabagaragaza ubushake bwo kurugumamo bafashwa kuhakomereza ubuzima,u rwanda rwajyanye amasezerano n'ubwongereza agena ko ababimukira bazajya bafatwa bakazanwa mu rwanda ababishaka bagahitamo gusubira mu bihugu byabo mu gihe n'abagaragaza ubushake bwo kurugumamo bafashwa kuhakomeriza ubuzima,0.30000000000000004,False
noella_8_5.mp3,noella_8_5.txt,ku ikubitiro bwahaye u rwanda miliyoni ijana na makumyabiri zamayero azagirira akamaro izo mpunzi nabanyarwanda binyuze mu bikorwa byuburezi mu mashuri yisumbuye ayimyuga ndetse nandi mahugurwa mu masomo yubumenyingiro ibyo byiyongeraho ko bazafashwa kwiga kugera mu mashuri makuru na kaminuza,uikubitiro bwahaye u rwanda miliyoni ijana namukumya abiza maelo'azagirira akamaro izo mpunzi n'abanyarwanda binyuze mu bikorwa by'uburezi mu mashuri yisumbuye ayimyuga ndetse n'andi mahugurwa mu masomo y'yubumenyingiro ibyo byiyongeraho ko bazafashwa kwiga kugera ku mashuri makuru na cami,0.35000000000000003,False
noella_8_6.mp3,noella_8_6.txt,umuvugizi wungirije wa guverinoma yu rwanda alain mukuralinda aherutse kubwira igihe ko u rwanda rwamaze kwitegura kwakira aba bimukira kandi nibagera i kigali bazafatwa neza nkuko bigengwa namasezerano yo kubazana,umuvugizi wungirija wa guverinoma y'u rwanda alen mukuralinda aherutse kubwira igihe ko u rwanda rwamaze kwitegura kwakira ababimukira kandi nibagera i kigali bazafatwa neza nk'uko bigengwa n'amasezerano yo kubazana,0.33333333330000003,False
noella_8_7.mp3,noella_8_7.txt,ati icyiza ni uko twe mu rwanda rwiteguye uyu munsi ndagira ngo mare impungenge zuko niyo batubwira ngo haje 500 ba mbere abo twabakira ariko nkuko mubizi bazagenda baza mu byiciro kandi nta gutungurana kuzabamo,ati icyiza nuko twe mu rwanda twiteguye uyu munsi ndagira ngo mare impungenge z'uko mwe batubwira ngo haje magana atanu ba mbere abo twabakira ariko nkuko mu bizi bazagenda baza mu byiciro kandi nka gutungurana kuzabamo,0.4,False
noella_8_8.mp3,noella_8_8.txt,muri werurwe uyu mwaka byatangajwe ko zahabu yageze ku madolari ya amerika akabakaba mirongo inani kuri garama imwe imibare isatira iyo hejuru yigeze kubaho muri kanama 2020 ubwo icyorezo cya covid19 cyari cyarahagaritse ibikorwa byinshi mu nzego zinyuranye,muri werurwe uyu mwaka byatangajwe ko zahabu yageze ku madoladi ya amerika akaba akabakaba mirongo ina kuigaramarime imibaye isatira iyo hejuru yigeze kubaho muri kanama bi na makumyabiri ubwo icyo rezo cya covid na inten cyari cyarahagaritsye ibikorwa byinshi mu nzego zinyuranye,0.47368421050000004,False
noella_8_9.mp3,noella_8_9.txt,nyuma yaho u burusiya bugabiye ibitero kuri ukraine impuguke mu byimari nubukungu zitangaza ko abashoramari bagerageje guhita bashaka ahantu bashora amafaranga yabo ku buryo baba bizeye,nyuma yaho uburusiya bugabiye ibiteero kuri ican impugute mu by'imari n'ubukungu zitangaza ko abasharamari bagerageje guhita bashaka ahantu bashora amafaranga yabo ku buryo babizira,0.4230769231,False
noella_9_1.mp3,noella_9_1.txt,umutekano wayo nko gushobora mu byo kugura impapuro mvunjwafaranga ubucuruzi bwamadolari ndetse nubwa zahabu,ye umutekano wayo nko gushora mu byo kugura impapuro wmbuzwafaranga ubucuruzi bw'amadolari ndetse n'ubwa zahabu,0.4285714286,False
noella_9_2.mp3,noella_9_2.txt,bitewe nihindagurika ryibiciro rikomeza kugenda rifata indi ntera hirya no hino ku isi byitezwe ko ibihugu byinshi bikomeza gushakira ibisubizo mu kugura no kwigwizaho zahabu mu rwego rwo kwizera ko bifite ikintu cyagaciro mu gihe ibisigaye byose bigenda bigatakaza harimo nifaranga ubwaryo,bitewe n'ihindagurika ry'ibiciro rikomeza kugenda rifata indi ntera hirya no hino ku isi byitezwe ko ibihugu byinshi bikomeza gushakira ibisubizo mu kugura no kwigwizaho zahabu mu rwego rwo kwizera ko bifite ikintu cy'agaciro mu gihe bisigaye byose bigenda bigatakaza hemo n'ifaranga ubwajyo,0.1904761905,False
noella_9_3.mp3,noella_9_3.txt,statista yashyize ahagaragara urutonde rwibihugu bya afurika byari byibitseho zahabu nyinshi mu bubiko kugeza mu mwaka wa bibiri na makumyabiri na rimwe ku buryo mu bihe byihungabana ryubukungu nitakazagaciro ryifaranga ibyo bihugu bishobora kugira icyizere cyo kuzahura ubukungu no kurenga ibyo bihe byemye,statista yashyize ahagaragaraa urutonde rw'ibihugu bya afurika ari byibitse zahabu myinshi mu rubiko kugeza mu mwaka yubumbi binamakumyabiri na rimwe ku buryo mu bihe by'ihungabana ry'ubukungu n'itakazagaciro ry'ifaranga ibyo bihugu bishobora kujya icyizere cyo kuzamura ubukungu no kurenga ibyo bihe byemye,0.3953488372,False
noella_9_4.mp3,noella_9_4.txt,ku mwanya wa mbere bibimburirwa na algeria ifite toni za zahabu zigera ku ijana na mirongo irindwi nenye,mwanya wa mbere mbiumbirirwa na algeria ifite toni iza zahabu zirenga ku kw ijana na mirongo indwi nenye,0.3888888889,False
noella_9_5.mp3,noella_9_5.txt,mu byo kugura impapuro mvunjwafaranga ubucuruzi bwamadolari ndetse nubwa zahabuku mwanya wa kabiri hazaho afurika yepfo ibarirwa toni ijana na makumyabiri neshanu igakurikirwa na libya ku mwanya wa gatatu na toni ijana na cumi na zirindwi mu gihe ku mwanya wa kane hazaho igihugu cya misiri na toni mirongo inani nibice mirongo irindwi nabitatu,ku mwanya wa kabiri haza aho afrika y'epfo ibarirwa ton'ijana yamakumyabindi eshanu igakurikirwa na libia ku mwanya wa gatatu na toni ijana na cumi nazirinzwi mu gihe ku mwanya wa kandi haza igihugu cya misiri na toni mirongo inani n'ibica mirongo indwi na bitatu,0.5185185185,False
noella_9_6.mp3,noella_9_6.txt,maroc ifite toni makumyabiri nebyiri  bituma iba igihugu cya gatanu cyibitseho zahabu nyinshi muri afurika ku mwanya wa gatandatu ikurikirwa na nigeria ifite zahabu ipima toni 2137 ku mwanya wa karindwi hakaba mauritania ifite toni cumi nebyiri1244,marok'ifite toni makumyabiri ne'ebyiri n'ibice cumi na bibiri bituma iba igihugu cya gatanu kibiteho zahabu nyinshi muri afrika ku mwanya wa gatandatu ikurikirwa na nigeria ifite zahabu ipimatoni makumyabiri n'imwe n'ibicamibotatu na birindwi ku mwanya wa karindwi hakaba murilicania ifite toni cumi n'ebyiri nicumirongo ine na bindi,0.5675675676,False
noella_9_7.mp3,noella_9_7.txt,imyanya itatu iheruka hariho ibihugu nka ghana ifite toni 874 ku mwanya wa munani igakurikirwa na tunisia ku mwanya wa cyenda aho ibarirwa toni 684 mu gihe ku mwanya wa 10 hariho igihugu cya mozambique gifite zahabu ingana na toni 394,imyanya itatu iheruka hariho ibihugu nkagana ifite toni umunani ninsha mirongo indwi na bine ku mwanya wa munani igakwikirwa na tunizia ku mwanya wa cyenda aho ibarirwa ton mshshatu n'ibico mirongoinani na bine mu gihe ku mwanya wa cumi hariho igihugu cya mozambiqe gifite zahawe ingana na toni'eshatu n'ibico mirongo cyenda na bindi,0.6341463415,False
noella_9_8.mp3,noella_9_8.txt,u bwongereza bumaze igihe bukomerewe nikibazo cyabimukira binjira muri icyo gihugu mu buryo bunyuranyije namategeko banyuze mu nzira izwi nka english channel,ubwongereza bumaze igihe bukomerewe n'ikibazo cyabimukira binjira muri icyo gihugu mu buryo bunyangije n'amategeko banyize mu nzira izwi nka inglischano,0.4090909091,False
noella_9_9.mp3,noella_9_9.txt,english channel ni inzira yamazi itandukanya amajyepfo yu bwongereza namajyaruguru yu bufaransa iyi nzira yifashishwa cyane nabimukira binjira mu bwongereza bakoresheje amato mato mu buryo bunyuranyije namategeko,inglis chano ni inzira y'amazi itandukanya amajyepfo y'ibwongereza n'amajyaruguru y'ubufaransa yinzira yifashishwa cyane n'abi mukiraninjira mu bwongereza bakoresheje amato mato mu buryo bunyranyije n'amategeko,0.5185185185,False
noella_9_10.mp3,noella_9_10.txt,kuva umwaka wa bibiri na makumyabiri watangira kugeza muri kanama uwo mwaka u bwongereza bwari bumaze kwakira abimukira ibihumbi bitatu magana acyenda na mirongo itanu banyuze muri english channel,kuva umwaka babiri nabakumyabiri watangira kugeza muri kanama uwo mwaka ubwongereza bwari bumaze kwakira bimukira iyumbi mirongo itatu n'icyenda bihumbi bitatu magana cyenda mirongo itanu bangize muri inglish chanu,0.6206896552,False
noella_10_1.mp3,noella_10_1.txt,byageze muri mata bibiri na makumyabiri na kabiri u bwongereza bwugarijwe cyane niki kibazo cyabimukira kuko imibare yagaragaza ko uyu mwaka ushobora kurangira bwakiriye abimukira ibihumbi miringo itandato ugereranyije nabarenga gato ibihumbi makumyabiri numunani bwakiriye mu mwaka wa bibiri na makumyabiri na kabiri,byageze muri mata ibintu bakumyabiri na kabiri bwongereza bwugarijwe cyane n'iki kibazo cyabimukira kuko imibarire yagaragaza ko uyu mwaka ushobora kurangira bwakiriya bimukira ibihumbi mirongo itandatu ugereranyije n'abarenga gato ibihumbi makumyabiri n'umunani bwakiriye muri bibiri n'amakumyabiri na rimwe,0.4186046512,False
noella_10_2.mp3,noella_10_2.txt,umuvugizi wa guverinoma yu rwanda yolande makolo yibukije umuryango wabibumbye ko ibihugu byose bigira ubusugire bungana ashimangira ko ubushotoranyi bwa repubulika iharanira demokarasi ya congo rdc bukwiye guhagarara burundu,umuvugizi wa guvereninoma y'u rwanda yoland makono ibukije umuryango w'abibumbye ko ibihugu byose bigira ubusugire bungana ashimangira ko ubushotoranyi bwa ya republika iharanira demokayatiya congo rdicy bukwiye guhagarara burunzu,0.48275862070000003,False
noella_10_3.mp3,noella_10_3.txt,makolo yasubizaga imvugo yumuvugizi wumunyamabanga mukuru wumuryango wabibumbye stephane dujarric ku bibera muri repubulika iharanira demokarasi ya congo rdc wagaragaje ko iki gihugu gishotorwa kandi kivogerwa muri make yakigaragaje nkigihohoterwa gusa,macolo yasubizaga imvugo y'umuvugizi w'umunyamabanga mukuru w'umuryango w'abibumbye stefan dujalick ku bibera muri republika iharanira demokanitiya congoaradicy wagaragaje ko iki gihugu gishotorwa kandi kivogerwa muyi make yakigaragaje nk'ink'igihohoterwa gusa,0.5161290323000001,False
noella_10_4.mp3,noella_10_4.txt,dujarric yagize ati turongera gushimangira ko dushishikajwe nubusugire ubwigenge ubumwe ndetse nukutavogerwa kwa rdc kandi turamagana ibihugu byihisha inyuma yimitwe yitwaje intwaro,dujarick yagize ati turongera gushimangira ko dushishikajwe n'ubusugire ubwigenge ubumwe ndetse no kutavogerwa kwa aradici kandi turamagana ibihugu byihisha inyuma y'imitwe y'itwaje intwaro,0.4545454545,False
noella_10_5.mp3,noella_10_5.txt,u rwanda rwahise rwibutsa ko bitari bikwiye gukomoza kuri rdc gusa ngo hirengagizwe ubushotoranyi ikomeje kurukorera ingabo ziki gihugu zimaze gutera ibisasu ku butaka bwu rwanda inshuro nyinshi,u rwanda rwahise rwibutsa ko bitari ikwiye gukomoza kurdc gusa ngo hirengagizwe ubusotanyi ikomeje kurukorera ingabo ziki gihugu zimaze gutera ibisasu ku butaka bwa u rwanda inshuro nyinshi,0.32142857140000003,False
noella_10_6.mp3,noella_10_6.txt,ku wa cumi nicyenda werurwe no ku wa makumyabiri na gatatu gicurasi bibiri na makumyabiri na kabirimu mirenge ya kinigi na nyange muri musanze nuwa gahunga muri burera ibisasu bya fardc byakomerekeje abantu byangiza nimitungo yabo,twa cumi w'icyenda werurwe no kuwamakuminya nyagatatu gicurasi bibiri na makumyabiri na kabiri mu mirenge ya kinigi na nyange muri musanze n'uwa gahunga muri burera ibisasu bya fardese byakomekeje abantu byangeze n'imitungo yabo,0.4444444444,False
noella_10_8.mp3,noella_10_8.txt,makolo yibukije dujarric ko ubusugire bwibihugu byose burangana yaba ubwu rwanda cyangwa ubwa rdc ubwo rdc yateraga ibisasu ku butaka bwu rwanda ntiyari yashotowe iki ni ikibazo gikomeye gifite ingaruka kandi kigomba guhagarara burundu,macolo yibukije dudaric ko ubusugire bw'ibihugu byose burangana yaba ubwo u rwanda cyangwa ubwa ardicy ubwo rdic yateraga ibisasu ku butaka bw'u rwanda ntiyari ya shotoy iki ni ikibazo gikomeye gifite ingaruka kandi kigomba guhagarara burunzu,0.3529411765,False
noella_10_9.mp3,noella_10_9.txt,yakomoje kandi ku bufatanye bwa monusco ningabo za fardc ziyunze na fdlr nindi mitwe anenga kuba izi ngabo zumuryango wabibumbye zimaze imyaka irenga makumyabiri muri rdc zirebera ubu bufatanye bugamije kugera hafi yu rwanda ngo ruhungabanyirizwe umutekano,yakomoje kandi ku bufatanye bwa monisco n'ingabo za fardece zinze na fr nindi mitwe anenga kuba izi ngabo z'umuryango w'abiyumbye zimaze imyaka irenga amakumyabiri muri rdicy zireberera ubu bufatanye bugamije kugera hafi y'u rwanda ngo ruru ruhungabanyirize umutekano,0.4324324324,False
noella_11_1.mp3,noella_11_1.txt,u rwanda ruherutse gutangaza ko fardc yivanze na fdlr ku buryo wagira ngo ni igisirikare kimwe bakora inama bagahuza gahunda yibyo bagiye gukora noneho monusco na yo ikaza ngo ije gushyigikira fardc,u rwanda ruherutse gutangaza ko fadece yivanze na efderer ku buryo wagira ngo ni igisikaye kimwe bakora inama bagahuza gahunda ibyo bagiye gukora noneho monisco nayo ikaza ngo ije gushyigikira faro,0.28125,False
noella_2_4.mp3,noella_2_4.txt,byageze aho uyu mukobwa aratoroka ava muri urwo rugo ajya kwa nyirakuru ariko aza gusanga atwite,bagezeho uyu mukobwa aratoroka ava muri urwo rugo bajya kwa nyirakuru ariko aza gusanga atwitse,0.3125,False
noella_10_7.mp4,noella_10_7.txt,hari kandi gushimuta abasirikare bu rwanda babiri bari ku burinzi byakozwe na fardc ifatanyije na fdlr ibi bikaba byaramenyeshejwe guverinoma ya rdc itsinda rishinzwe kugenzura uko imbibi zimipaka zubahirizwa ejvm nabandi,hari kandi gushimuta abasirikare b'u rwanda mbabiri bari ku burinzi byakozwe na facdet'ifatanyije na ftlr'ibi bikaba byaramenyeshejwe guverinoma ya rdc itsinda rishinzwe kugenzura uko imbibi z'imipaka zubahirizwa ejviem n'abandi,0.35483870970000003,False
noella_11_2.mp4,noella_11_2.txt,mu nshingano za monusco harimo kurwanya imitwe yitwaje intwaro yose ariko yo ngo yahisemo kurwanya m makumyabiri na gatatu yonyine ifatanyije ningabo za rdc,mu nshingano za monisco harimo kurwanya imitwe yitwaje intwaro yos ariko yo ngo yahisemo kurwanya aventoi yonyene ifatanyije n'ingabo za radici,0.375,False
noella_4_10.mp4,noella_4_10.txt,imibare yo muri bibiri na makumyabiri yerekana ko muri uwo mwaka ingano yibikorwa byashibutse ku ishoramari ryu bushinwa ringana na miliyoni ijana na cumi nicyenda zamadolari,imibare yo mu mwaka w'ibihumbi bibiri na makumyabiri yerekana ko muri uwo mwaka ingano y'ibikorwa byashibutse ku ishoramari ry'ubushinwa ringana na miliyoni ijana nara mirongo icyenda nimwe z'amadolali,0.4230769231,False
