mp3_file,txt_file,text,transcript,WER
noella_1_1.mp3,noella_1_1.txt,"Ubusanzwe iyo mu Kinyarwanda bavuze ngo umuntu ni umugabo byumvikana ko afite ibitekerezo bizima, yihesha agaciro, afite indangagaciro zo kwanga ikibi agashyira imbere icyiza. Bikaba akarusho noneho iyo koko ari umugabo wubatse, wabyaye, kuko aba atoza abe kugenza atyo.",ubusanzwe iyo mu kinyarwanda bavuze ngo umuntu ni umugabo byumvikana ko afite ibitekerezo bizima yiheshe agaciro afite indangagaciro zo kwanga ikibi agashyira imbere icyiza bikabakarusha noneho iyo koko ari umugabo wubatse wabyaye kuko abatoza be kugenza bari,0.3076923076923077
noella_1_2.mp3,noella_1_2.txt,Muri iki gihe hari ikibazo cyabangavu bari gusambanywa bagaterwa inda imburagihe kandi iyo uganiriye nabo usanga hari benshi baziterwa nabagabo bakuze bakagombye kubabera ababyeyi. Ni ikibazo cyagaragaje umuvuduko uri hejuru mu Rwanda ahagana mu mwaka wibihumbi bibiri na cyumi nakarindwi.,muri iki gihe hari ikibazo cy'abangavubai gusambanywa bagaterwa inda imburagiye kandi uganiriye na bo usangari benshi baziterwa n'abagabo bakuze bakagombye kubabera ababyeyi ni ikibazo cyagaragaje umuvuduka uri hejuru mu rwanda ahagana mu mwaka y'uhumbi bi nyacumiakarinzwi,0.375
noella_1_3.mp3,noella_1_3.txt,Minisiteri yUburinganire nIterambere ryUmuryango itangaza ko mu mwaka wibihumbi bibiri na cumi nakarindwi abangavu batewe inda imburagihe bataragira imyaka cumi numunani yamavuko bagera ku bihumbi cumi nabirindwi namaganatatu namirongo itatu nabarindwi; naho mu mu mwaka w'ibihumbi bibiri na cumi numunani baba ibihumbi cumi n'icyenda namagana inani namirongotatu nababiri.,minisiteri y'buringaniye n'iterambere ry'umuryango itangaza ko mu bihumbi binacumi na karindwi abangavubatewe nda imvura gihe n'abataragiye imyaka cumi munani y'amavuko bagera kuri ibihumbi cumi na birindwi magana atatu namirong itatu nabarindwi naho mu mwaka bibihumbi binacumi n'umunani baba ibihumbi cumi n'icyenda maganinani na mirongo itatu na babiri,0.7291666666666666
noella_1_4.mp3,noella_1_4.txt,"Mu mwaka wibihumbi bibiri na cumi n'icyenda abazitewe barenga ibihumbi makumwabiri nabitatu, mu mwaka wibihumbi bibiri na makumwabiriri imibare yabazitewe yerekana ko bagera ku bihumbi cumi n'icyenda naho mu mwaka wibihumbi bibiri na makumwabiriri narimwe bageze ku bihumbi makumwabiri nabitatu.",mu mwaka bihumbi bin nacumi icyenda abazitewe barenga iihumbi bakumyari na bitatu naho mu mwaka bihumbi bitu makumyabiri na makumyabiri imibare y'abazitewe yerekana ko bagera ku yumba icumi n'icyenda naho mu mwaka y'ibihumbi bi nabakmyari na rimwe bagize ku bihumbi makumyabiri na bitatu,0.65
noella_1_5.mp3,noella_1_5.txt,"Ubuhamya bwa bamwe mu bangavu batewe inda imburagihe bugaragaza ubunyamaswa bwabagabo bagiye babasambanya ku ngufu bakabatera inda, bamwe batitaye ko bangana nabo babyaye.",hamya bwa bamwe mubangavu batewa inda imburagihe bugaragaza ubunyamaswa bw'abagabo bagiye babasambanya ku ngufu bakabatira inda bamwe baititaye ko bangana nabo babyaye,0.391304347826087
noella_1_6.mp3,noella_1_6.txt,Umwangavu wimyaka cumi nitandatu wo mu murenge wa Muganza mu karere ka Gisagara avuga ko yize mu mashuri abanza ageze mu wa kabiri avamo ajya gukora akazi ko mu rugo bitewe nubukene bwari mu rugo rwabo. Iwabo babyaye abana barindwi we ni imfura muri bo.,umwangavuga imyaka cumi n'intandatu wo mu murenge wa muganza mu karere ka gisagara avuga ko gize mu mashuri abanza ageze mu wa kabiri avamo ajya gukora akazi ko mu rugo bitewe n'ubukene bwari murugo rwabo iwabo babyaye abana barindwi we n'imfura mu ribu,0.26666666666666666
noella_1_7.mp3,noella_1_7.txt,Mu buhamya bwe avuga ko yasambanyijwe numugabo wo mu rugo yakoragamo amufashe ku ngufu mu mwaka w'ibihumbi bibiri nacumi nakarindwi.,mu buhamya bwe avuga ko yasambanyijwe n'umugabo wo murugo yakoragamo amufashe ku ngufu muri ibi binacumi na karindwi,0.45
noella_1_8.mp3,noella_1_8.txt,Ati Kubera ko iwacu turi abakene nagiye gukora akazi ko mu rugo kugira ngo njye mbona ibyo kurya. Twakundaga gusigarana mu rugo akansambanya ku ngufu akambwira ngo nimbivuga azanyica.,ati kuwera ko iwacu turi abakene nagiye gukora akazi ko murugo kugira ngo njye mbona ibyo kurya twakundaga gusigarana mu rugo akansambanya ku ngufu akambwiya ngo ni imbivuga azanyica,0.27586206896551724
noella_1_9.mp3,noella_1_9.txt,Avuga ko ikimubabaza ari uko bakimara kumenya ko atwite bahise bamwirukana asubira iwabo mu buzima bwa gikene. Aganira na IGIHE yari ahetse umwana wamezi ane. Ababazwa nuko uwo mugabo nta kintu na kimwe amufasha mu kurera uwo mwana.,avuga ko ikimubabaza ari uko bakimara kumenya ko atwite bahise bamwirukana asubira iwabo mubuzima bwa gikene aganirana igihe thotcom yari ahetse umwana w'amezi ani abazwa nuko umugabo nta kintu kimwe amufasha mu kurera uwo mwana,0.34210526315789475
noella_1_10.mp3,noella_1_10.txt,Undi mwangavu wahaye ubuhamya IGIHE ni uwo mu Karere ka Kayonza; yagaragaje ko yasambanywaga numwarimu umwigisha mu mashuri abanza mu mwaka wibihumbi bibiri nacumi numunani.,undi mwangavu wahaye ubuhamya igihe nuwo mu karere ka kayeyonza yagaragaje ko yasambanyaga n'umwarimu umwigisha mu mashuri abanza muri bibirira cumi n'umunani,0.44
noella_1_11.mp3,noella_1_11.txt,"Uwo mwangavu yize aba kwa nyirasenge ariko muri urwo rugo hacumbikaga umwarimu, noneho akajya amufasha gusubiramo amasomo yumugoroba.",uwo mwangavu yize aba kwa nyirasenge ariko muri urugorurwo hacumbikaga umwarimu noneho akajya amufasha gusubiramo amasomo y'umugoroba,0.2222222222222222
noella_2_1.mp3,noella_2_1.txt,Ati “Masenge yamfataga nabi akanga ko ngira icyo mubwira ngo tuganire kuko iwacu twari abakene.Ubwo yari yarantegetse ko uwo mwarimu agomba kujya anyigisha isomo rya nimugoroba. Yanjyanaga mu nzu yo hanze aho acumbitse akansambanya.”,ati masengeye yamfataga nabi akanga ko ngira icyo mubwira ngo tuganire kuko iwacu twarabakene ubwo  yarantegetse ko umwarimu agomba kujya anyigisha isomo rya nimugoroba yandyanaga mu nzu yo hanze aho acumbitse akansambanyi,0.2647058823529412
noella_2_2.mp3,noella_2_2.txt,Uyu mukobwa avuga ko yageze aho arwara ihahamuka yabona uwo mwarimu agahungabana.,uyu mukobwa avuga ko yageze aho uyu mukobwa avuga ko yageze aho arwara ihahamuka yabona uwo mwarimu agahungabona,0.5833333333333334
noella_2_3.mp3,noella_2_3.txt,"Ati “Mu ishuri naramubonaga aje kutwigisha ngahahamuka nkarwara bagahita banjyana hanze. Noneho byageraga nimugoroba amasaha yo kujya kunyigisha ageze nkabura aho mpungira kuko yabaga yaraye ansambanyije yankomerekeje, ntiyumvisha ukuntu agiye kongera agasubiza mu bisebe.”",ati mu ishuri naramubonagaje kutwigisha ngahahamuka nkarwara bagahita banjyana hanze noneho byageraga nimugoroba amasaha yo kujya kunyigisha ageze nkaburaho mpu ngira kuko yabaga yaraye ansambanyije yankumerekeje nkiyumvisha ukuntu agiye kongeya agasubiza kongera agasubiza mu gisebe,0.35294117647058826
noella_2_5.mp3,noella_2_5.txt,"Ibibazo yahuye nabyo yabiganirije umuforomo wo ku kigo nderabuzima, aramuhumiriza amufasha kwiyakira. Ubu yamaze kubyara.",ibibazo yahuye na byo yabiganije umufaromo wo ku kigo nderabuzima aramuhumuriza amufasha kwiyakira uu yamaze kubyara,0.6
noella_2_6.mp3,noella_2_6.txt,Undi mwangavu wo mu Murenge wa Musambira mu Karere ka Kamonyi avuga ko yatangiye gusamabanywa n’umugabo afite imyaka cumi n'ibiri. Icyo gihe yari umunyeshuri yiga mu mwaka wa Kane w’amashuri abanza. Yamusambanyaga abanje kumushukisha amafaranga.,undi mwangavuo mu murenge wa musambira mu karere ka kamonyi avuga ko yatangiye gusambanywa n'umugabo afite imyaka cumi n'ibiri icyo gihe yari umunyesuriga mu mwaka wa kane w'amashuri abanzi yamusambanyaga abanje kumushikisha amafaranga,0.3142857142857143
noella_2_7.mp3,noella_2_7.txt,Uwo mugabo yaje kumutera inda amwanduza virusi itera Sida. Amaze kumenya ko atwite yahise amureka ndetse ntiyamufasha no kurera umwana.,uwo mugabo yaje kumutera inda amwanduza virusi itera sida amaze kumenya ko atwite yahise amureka ndetse ntiyamufasha no kurera umwana,0.1
noella_2_8.mp3,noella_2_8.txt,Ati “Nta kintu yigeze amfasha kuko n’umwana atamwemeye. Kuri ubu nta nubwo tukivugana cyane kuko tudahuza.”,nta kintuyigeze amfashe ko ni umwana atamwemeye kuri ubu ntani ubwo tukivugana cyane ko tudahuza,0.75
noella_2_9.mp3,noella_2_9.txt,Undi mukobwa wo mu Karere ka Gisagara yatewe inda mu mwaka wa bibiri na cumi na karindwi ananduzwa Sida n’umugabo ubwo yakoraga akazi ko mu rugo mu Mujyi wa Kigali.,undi mukobwa wo mu karere ka gisagara yatewe inda mu mwaka wabiri nacumi na kayinzwi ananduzwa sida n'umugabo ubwo yakoraga akazi ko murugo mu mujyi wa kigali,0.3
noella_2_10.mp3,noella_2_10.txt,"Ubwo yahuraga n’Umunyamakuru wa IGIHE yari avuye ku Kigo nderabuzima gufata ibiryo n’imiti by’umwana we, kuko agaragaraho imirire mibi n’ibimenyetso byo kugwingira, yamugaragarije ko abayeho mu buzima bushaririye.",ubwo yahoraga n'umunyamakuru wa igihe yari avuye ku kigo ndeabuzima gufata ibiryo n'imiti by'umwana we kuko agaragaraho imihire mibi niibimenyetso byo kugwingira yamugaragarije ko abayeho mu buzima bushaririye,0.35714285714285715
noella_2_11.mp3,noella_2_11.txt,"Yagize ati “Aho nakoraga i Kigali namenyanye n’umugabo wakoraga akazi ko kogosha, yarambwiye ngo njye kumusura, ngezeyo amfata ku ngufu antera inda. Nyuma naramushatse ndamubura, aho nakoraga baranyirukana ngaruka mu rugo.”",yagize ati aho nakoreraga i kigali namenyanye n'umugabo wakoraga akazi ko kogosha yarambwiye ngo njye kumusura ngezeyo amfata ku ngufu antirinda nyuma naramushatse ndamubure aho aho nakoraga barangirukana ngaruka murugo,0.3870967741935484
noella_2_12.mp3,noella_2_12.txt,"Umukobwa w’imyaka cumi n'ine y’amavuko wo mu Murenge wa Kitabi mu Karere ka Nyamagabe yahuye n’umunyamakuru wa IGIHE mu mwaka wa bibiri na mwaka w'ibihumbi bibiri na makumyabiri na rimwe, atwite inda nkuru yatewe imburagihe.",umukobwa w'imyaka cumi n'ine y'amavuko wo mu murengera kitabi mu karere ka nyamagabe wahuye n' umunyamakuru wa igihe muri birino makumyabiri na rimwe atwita inda nkuru yatewe imburagiye,0.5428571428571428
noella_3_1.mp3,noella_3_1.txt,"Avuga ko yafashwe ku ngufu n’umugabo utuye hakurya y’iwabo mu Mudugudu wa Subukiniro, amutera inda muri Nzeri bibiri na makumyabiri na makumyabiri ubwo yari yagiye mu ishyamba kwahira ubwatsi bw’amatungo. Icyo gihe yari umunyeshuri yiga mu mwaka wa gatanu w’amashuri abanza.",avuga ko yafashwe ku ngufu n'umugabo utuye hakurya y'iwabo mu mudugudu wa sbukiniro amutera inda muri nzeri ri nabakunyahiri namakumyabir ubwo yagiye mu ishyamba kwahira bwatsi bw'amatungo icyo gihe yari umunyeshuri yiga mu mwaka wa gatanu w'amashuri abandi,0.3170731707317073
noella_3_2.mp3,noella_3_2.txt,Ati “Yansanze mu ishyamba aho nari ndi kwahira mbona ari kundebana umujinya arangije aramfata. Ni umugabo wari ushinzwe gucunga ibinyomoro ariko ndamuzi.”,ati yansanze mu ishyamba aho nandi kwahira mbona arikundebana umujinya arangije aramfata n'umugabo wari ushinzwe gucunga ibinyomoro ariko ndamuzi,0.4090909090909091
noella_3_3.mp3,noella_3_3.txt,Uwo mugabo yaramusambanyije amwangiza n’imyanya y’ibanga. Ibyo bikimara kuba yaratashye agira ubwoba bwo kubibwira ababyeyi be kuko ngo uwo mugabo wamusambanyije yari yamubwiye ko nabivuga azamwica.,uwo mugabo usambanyije amwangiriza n'imyanya y'ibanga ibyo bikimara kuba yaratashye agira ubwoba bwo kubibwira ababyeyi be kuko ngo uwo mugabo wamusambanyije yari amubwiye ko nabivuga azamwica,0.23076923076923078
noella_3_4.mp3,noella_3_4.txt,"Nyuma yaho yumvise akomeje kubabara mu gitsina, abwira nyina ibyamubayeho na we ahita amujyana kwa muganga bamupimye basanga atwite.",nyuma y'aho yumvise akomeje kubabara mu gitsina abwira nyina ibyamubayeho nawe ahita amujyana kwa muganga bamupimye basa ngatwite,0.3157894736842105
noella_3_5.mp3,noella_3_5.txt,"Umugabo w’imyaka mirongo itatu n'irindwi n'ukomoka mu Bwongereza, Ricky William Lightfoot, yegukanye umwanya wa mbere mu irushanwa rya ‘Man versus Horse Marathon’.",umugabo w'imyaka minotatu ni yindwi ukomoka mu bwongereza rik william ligkfort yegukanya umwanya wa mbere mu ishanwa rya man vricius hose marton,0.6363636363636364
noella_3_6.mp3,noella_3_6.txt,"Iri ni isiganwa ngarukamwaka ribera mu nzira z’inzitane, mu mihanda myiza no mu misozi. Amafarashi atwawe n’abantu, aba asiganwa ku ntera y’ibilometero mirongo itatu na bitanu n’abantu bari kugenda n’amaguru.",iri n'isiganwa ngarukamwaka ribera mu nzira zinzitane mu mihanda myiza no mu misozi amafarashi atwaye n'abantu abasiganwa ku ntera y'ibilometero myotatu nabitanu n'abantu bari kugenda n'amaguru,0.5
noella_3_7.mp3,noella_3_7.txt,"Ricky yabaye uwa gatatu, yegukanye iri rushanwa mu mateka yaryo kuva ryatangira mu mwaka w'igihumbi kimwe na magana icyenda mirongo inani .Yavuze ko yamaze amasaha makumyabiri n'icyenda adasinziriye mbere y’uko ritangira.",rik yabaye uwa gatatu yegukanye iri rushanwa mu mateka ryo kuva ryatangira mu gihmbi kimwe magaratsenda mirongo inani yavuze ko yamaze amasaha makumyabi nicyenda adasinziriye mbere y'uko ritangira,0.41935483870967744
noella_3_8.mp3,noella_3_8.txt,"Kuko muri iri siganwa abantu n’amafarasi bakoresha inzira zitandukanye, Ricky William, yahishuye ko ubwo yageraga ku murongo wo gusorezaho atari azi ko ari we watsinze.",a muri iri ri siganwa abantu n'amafarasi bakoresha inzira zitandukanye rik william yashuye ko ubwo yageraga birongo wo gusorezaho atari azi ko ariwe watsinze,0.48
noella_3_9.mp3,noella_3_9.txt,"Yasize amafarashi mirongo itatu akoresheje amasaha abiri, iminota makumyabiri n'ibiri n’amasegonda makumyabiri natatu.   ",yasizeye amafarasi mirongo itanu akoresheje amasaha abiri iminota amakumyabiri n'ibiri n'amasego nd'amakumyabiri natatu,0.6153846153846154
noella_3_10.mp3,noella_3_10.txt,Ifarashi yaje ku mwanya wa mbere William yayisize iminota ibiri.,sheaje ku mwanya wa mbere wildiam yayisize imyota ibiri,0.5
noella_3_11.mp3,noella_3_11.txt,Isiganwa ryaberaga mu gace ka Llanwrtyd Wells mu Mujyi wa Powys muri Ecosse Wales.,isiganwa ryaberaga mu gace ka anlant fusenting was mu mujyi wa poy  muri cose ubes,0.42857142857142855
noella_3_12.mp3,noella_3_12.txt,"Geoffrey Allen ni we munyamagaru waherukaga kuryegukana akoresheje amasaha abiri, iminota mirongo itatu n'umwe n’amasegonda makumyabiri n'atandatu  mu gihe uwaryegukanye bwa mbere ari Zoe White akoresheje amasaha abiri, iminota irindwi n’amasegonda mirongo itatu n'atandati mu mwaka wa bibiri na kane.",jofre alen niwe munyamaguru waherukaga kuryegukana akoresheje amasaha abiri iminota mirongo itatu na rimwe n'amasego ndamakumyabiri natandatu mu gihe waryegukanye bwa mbere ariwe zowhit akoresheje amasaha abiri imot irindwi n'amasego ndamirongo itatu natandatu muri ibibiri na nacka,0.625
noella_3_13.mp3,noella_3_13.txt,Ricky William Lightfoot yegukanye amayero ibihumbi bitatu na magana atanu nk’igihembo nyamukuru.,winiam rigtforts yegukanye amayero ibihumbi bitatu magana atanu nk'igihombi nyamukuru,0.5
noella_4_1.mp3,noella_4_1.txt,Repubulika y’Abaturage y’u Bushinwa yohereje Wang Xuekun ngo ahagararire inyungu z’icyo gihugu mu Rwanda asimbuye Ambasaderi Rao Hongwei uherutse gusoza inshingano ze.,republika y'abaturage y'ubushinwa yohereje wange xecun ngo ahagarare inyungu z'icyo gihugu mu rwanda asimbuye ambasadr raon hongay uherutse gusoza inshingano ze,0.5454545454545454
noella_4_2.mp3,noella_4_2.txt,"Ambasaderi mushya w’u Bushinwa mu Rwanda, Wang Xuekun yakiriwe na minisitiri w’Ububanyi n’Amahanga n’Ubutwererane, Dr Biruta Vincent amushyikiriza kopi z’impapuro zimwemerera guhagararira igihugu cye i Kigali.",ambasaderi mushya w'ubushimwa mu rwanda wongswekoyakiriwe na ministre w'ububanyi n'amahanga n'ubutwererane dr biruta vencer'amushyikiriza kopi z'impapuro zimwemerera guhagarira igihugu cye i kigali,0.5769230769230769
noella_4_3.mp3,noella_4_3.txt,Minisitiri Dr Biruta na Ambasaderi Wang Xuekun kandi bagiranye ibiganiro byibanze ku kurushaho guteza imbere ubufatanye n’umubano mwiza usanzwe hagati y’ibihugu byombi.,tr dr biruta na ambasaderi wang secun kandi bajyanye ibiganiro byibanze kukurushaho guteza imbere ubufatanye n'umubano mwiza usanzwe hagati y'ibihugu byombi,0.36363636363636365
noella_4_4.mp3,noella_4_4.txt,"Amb. Rao Hongwei uherutse gusoza inshingano zo guhagarira igihugu cye mu Rwanda yari yazitangiye mu mwaka wa bibiri na cumi na karindwi, mu bikorwa yakoze harimo gukomeza gushimangira umubano w’ ibihugu byombi no kwagura inzego bifatanyamo.",sabed hawo hongey'uherutse gusoza inshingano zo guhagarinshingano zo guhagararira igihugu cye mu rwanda yari yazi itangiye muri i in acumi na karindwi mu bikorwa yakoze harimo gukomeza gushimangira umubano w'ibihugu byombi no kwagura inzengo bifatanyamo,0.5277777777777778
noella_4_5.mp3,noella_4_5.txt,"Ambasaderi mushya w’u Bushinwa mu Rwanda, Wang Xuekun yavutse mu gihumbi kimwe magana cyenda na mirongo itandatu n'umunani akaba afite impamyabushobozi y’ikirenga [PhD] mu bijyanye na Engineering. Abarizwa mu Ishyaka rya Communist Party of China riri ku butegetsi muri icyo gihugu.",mbasaderi mushya w'ubushimwa mu rwanda wongk gsecun yavutse mu gihmbi kimwe magana cyenda mirongo itandatu n'umunani akaba afite impamyabushobozi y'ikirenga pecd mu bijyanye na ingina ring'abayizwa mu ishyaka rya comye nitist comminis park'ofsiner riri ku butegetsi muri icyo gihugu,0.4146341463414634
noella_4_6.mp3,noella_4_6.txt,"Ubwo yageraga i Kigali ku nshuro ye ya mbere mu mpera za Gicurasi bibiri na makumyabiri na kabiri, ari kumwe n’umuryango we, Amb Wang yavuze ko ubwo azaba amaze guhabwa uburenganzira bwo guhagararira igihugu cye mu Rwanda azashyira imbere kwagura umubano n’ubuhahirane hagati y’impande zombi.",o yagiyaga i kigali ku nshuro ye ya mbere mu mpera za gishulasi yibiri na makumyabiri na kabiri arik umwe n'umuryango we ambasaderi wank yavuze ko ubwo azaba bamaze guhabwa uburenganzira bwo guhagararira igihugu cye mu rwanda aza yashyira imbere kwagura umubano n'ubuhahirane hagati y'impande zoni,0.37777777777777777
noella_4_7.mp3,noella_4_7.txt,"Umubano w’u Rwanda n’u Bushinwa umaze igihe kirekire ushingiye ku bufatanye, ubwubahane no gushyigikirana. Mu Ugushyingo bibiri na makumyabiri na rimwe, nibwo hizihijwe imyaka mirongo itanu y’umubano mwiza n’ubufatanye bw’impande zombi.",mubano w'u rwanda n'ubushinwa umaze igihe kiresire ushingiye ku bufatanye ubwubahane no gushyigikirana mu gushyingo bbiri na makumyabiri na rimwe nibwo hizihijwe imyaka mirongo itanu y'umubano mwiza n'ubufatanye bw'impande zombi,0.45161290322580644
noella_4_8.mp3,noella_4_8.txt,"Ibihugu byombi bifatanya mu mishinga y’ishoramari, ibikorwaremezo, ikoranabuhanga, ubucukuzi bw’amabuye y’agaciro, ubwikorezi bwo mu kirere, uburezi, kubaka ubushobozi, ubuzima, ubucuruzi, ubukerarugendo, ubuhinzi, umutekano n’indi iteza urwa Gasabo imbere.",ibihugu byombi bifatanya mu mishinga 'ishoramari ibikorwaremezo ikorananabuhanga ubucukuzi bw'amabuye y'agaciro ubwikorezi bwo mu kirere uburezi kubaka ubushobozi ubuzima ubucuruzi ubukerarugendo ubuhinzi umutekano n'indi iteza urwa gasabo imbere,0.5
noella_4_9.mp3,noella_4_9.txt,"Mu mwaka wa bibiri na makumyabiri, u Bushinwa bwohereje mu Rwanda ibicuruzwa bifite agaciro ka miliyoni magana abiri na mirongo inani n'ebyiri z'amadolari mu gihe ibyo u Rwanda rwoherejeyo bingana na miliyoni mirongo itatu numunani na magana arindwi z'amadolari. Ishoramari ryabwo ryageze kuri miliyoni makumyabiri neshatu n'ibihumbi cumi na bitandatu by'amadolari rivuye kuri miliyoni cumi na zirindwi z'amadolari yo muri bibiri na cumi n'icyenda.",mu mwaka wa bibili nabakumyabiri ubushinwa bwohereje mu rwanda ibicuruzwe bifite agaciro ka miliyoni mgaranmirongo inani niebyiri z'adoradi mu gihe ibyo u rwanda rwoherejeyo bingana na miliyoni mirongo itatu n'umunani n'ibice birindwi by'amadolari ishoramari ryabwo byageze kuri miliyoni makumyabiri n'eshatu n'ibicecumi na bitandatu by'amadolari bivuye k miliyoni cumi nazirindwi z'amadolari byo muri biri na cumi nacumi n'icyenda,0.453125
noella_4_11.mp3,noella_4_11.txt,"Mu bijyanye n’ibikorwaremezo, u Bushinwa ni bwo bwatanze inkunga nini mu kubaka imihanda myinshi mu Rwanda; bwafashije igihugu mu iyubakwa ry’ingana na mirongo irindwi ku ijana by’iyo gifite.",mu bijyanye n'ibikorwayemezo ubushinwa nibwo bwatanze inkunganini mu kubaka imihanda myinshi mu rwanda bwafashije igihugu muyubakwa ringana na mirongo indwi ku ijana by'ibyo gifite,0.5
noella_5_1.mp3,noella_5_1.txt,Ikigo cy’Imisoro n’Amahoro (RRA) cyaciye abacuruzi mirongo itatu n'umwe amande ya miliyoni cumi n'umunani n'ibihumbi ijana na mirongo itatu na magana inani na cumi by'amanyarwanda kubera kudakoresha neza ikoranabuhanga rya EBM.,igo cy'imisoro n'amahoro rwanda reven'otherit cyaciye acuruzi mirongo itatu n'umwe amande y miliyoni icumi n'umunani ihumbi ijana na mirongo itatu maghaninani na cumi by'abanyarwanda kubera kudakoresha neza ikoranabuhanga rya ibiem,0.45161290322580644
noella_5_2.mp3,noella_5_2.txt,"Nubwo hakigaragara umubare munini w’abacuruzi badakozwa ubu buryo bwo gukoresha EBM, hakaba hari n’ababukoresha nabi Ikigo cy’Igihugu cy’Imisoro n’Amahoro (RRA) gikomeza gushyiramo ingufu mu rwego wo kunoza imitangire y’umusoro ku nyongeragaciro (TVA).",no bwa kigaragara umubare umunini w'abacuruzi badakozwa ubu buryo bwo guoresha i biam hakaba hari n'ababukoresha nabi ikigo cy'igihugu cy'imisoro n'amahoro rwanda raven'othrik gikomeza gushyiramo ingufu mu rwego rwo kunoza imitangire y'umusoro kunyongeragaciro tv'a,0.59375
noella_5_3.mp3,noella_5_3.txt,"Mu itangazo ryashyizweho umukono na Komiseri Mukuru w’Ikigo cy’Imisoro n’Amahoro (RRA), Bizimana Ruganintwali Pascal, rigaragaza urutonde rw’abacuruzi n’ibihano kuri buri wese kubera kudakoresha neza EBM mu bucuruzi bwabo. Urutonde rwatangajwe kuwa cumi na gatatu Kamena ibihumbi bibiri na makumyabiri na kabiri,ruriho abacuruzi makumyabiri na batatu batubahirije inshingano zo gukoresha EBM ndetse n’abacuruzi umunani bakoze amakosa yo gutubya umusoro.",zo ryashyizweho umukono na komiseri mukuru w'ikigo cy'imisora n'amahoro rwanda riveniustrik bizimana ruganintwari pascal rigaragaza urutonde rw'abacuruzi n'ibihano kuri buri wese kubera kudakoresha reza i biem mu bucuruzi bwabourutonde rwatangajwe ku bacumiya gatatu kamena bibiri na makumyabiri na kabiri ruriho abaturuzi makumyabiri na batatu batubahirije inshingano zo gukoresha i biem ndetse n'abacuruzi umunani bakoze amakosa yo gutubya umusoro,0.46551724137931033
noella_5_4.mp3,noella_5_4.txt,"Abacuruzi makumyabiri na batatu batakoresheje inyemezabuguzi ya EBM, umunani muri bo bahanishijwe amande yikubye kabiri, umwe ahanishwa amande yikubye kane, barindwi bahanishwa amande yikubye inshuro icumi n’abandi barindwi bahanishwa amande yikubye inshuro makumyabiri by’umusoro wose wari wanyerejwe.",abacuruzi makumnyabiri na batatu batakoresheje inyemezabuguzi ya i biem umunani muri bo bahanishijwe amande yikubye kabiri umwe ahanishwa amande yikubyekanebarindwi bahanisha bahanishwa amande yikubye inshuro icumi n'abandi barindwi bahanishwa amande yikubye inshoro amakumyabiri by'umusoro wose wari wanyerejwe,0.32432432432432434
noella_5_5.mp3,noella_5_5.txt,"Uwaciwe amande ari hejuru ni sosiyete yaciwe miliyoni enye n'ibihumbi magana ane by'amafaranga y'Urwanda nyuma yo gukuba inshuro makumyabiri umusoro wari wanyerejwe,bivuze ko hanyerejwe amafaranga ibihumbi magana biri na makumyabiri na kimwe n'ijana na mirongo inani natandatu y'amanyarwanda",uwaciwe amanda yari hejuru n'isosiyete yaciwe miliyoni enye n'ibice bineby'amafaranga y'u rwanda nyuma yo gukuba inshuro makumyabiri umusoro wari wanyerejwe  bivuze ko hanyerijwe amafaranga ibihumbi magana abiri n'amakumyabini kimwe n'amafaranga ijana ra mirongelani natandatu y'u rwanda,0.5789473684210527
noella_5_6.mp3,noella_5_6.txt,"Ku ruhande rw’abatubije umusoro bagatanga inyemezabuguzi zidahwanye n’ibyo abaguzi bakuye mu maduka, harimo batanu bahanishijwe amande yikubye inshuro icumi ku musoro wari wanyerejwe,abandi batatu bahanishwa amande yikubye inshuro makumyabiri.",ande rwatsubije umusoro bagatanga inyemezabuguzi zidahwanye n'ibyo abaguzi bakwuye mu maduka harimo batanu bahanishijwe amande iyikubyinshui icumi ku musoro wari wanyerejwe abandi batatu bahanishwa amande yikubye inshoro makumyabiri,0.41379310344827586
noella_5_7.mp3,noella_5_7.txt,Amande yose yaciwe aba bacuruzi bagaragazwa na RRA ni amafaranga asaga miliyoni cumi n'umunani z'amafaranga y'Urwanda.,manta yose yaciwe aba bacuruzi mbagaragazwa na rwanda revenotherik niya mafaranga asaga miliyoni cumi n'umunani z'amafaranga y'u rwanda,0.5
noella_5_8.mp3,noella_5_8.txt,"Muri bibiri na cumi na gatatu ni bwo mu Rwanda hatangijwe gahunda yo gutanga inyemezabuguzi mu buryo bw’ikoranabuhanga, EBM.",ri bihui muri ibib na cumi na gatatu nibwo mu rwanda hatangijwe gahunda yo gutanga inyemi izabuguzi mu buryo bw'ikoranabuhanga i biam,0.5263157894736842
noella_5_9.mp3,noella_5_9.txt,RRA igaragaza ko gushyira ahagaragara urutonde rw’abacuruzi badakoresha neza EBM bigamije gukangurira abandi batazikoresha kurushaho kubyitabira cyane ko umucuruzi utayikoresha ahanwa hakurikijwe ibyo itegeko riteganya.,da reveneoutrik igaragaza ko gushyira ahagaragara urutonde rwaba bacuruzi badakoresha neza e biam bigamije gukangurira abandi batazikoresha kurushaho kubyitabira cyane ko umucuruzi utayikoresha ahanwa hakwikijwe ibyo itegeko riteganywa,0.32
noella_5_10.mp3,noella_5_10.txt,"Mu bihumbi bibiri na cumi n'icyenda, hasohotse itegeko rigena ko n’abantu batabaruye muri TVA batangira gukoresha EBM mu bikorwa byabo bya buri munsi.",mu bihumbi  nacumi n'icyenda hasohotse itegeko rigena ko n'abantu batabaruye muri tiviay batangira guhoesha i biem mu bikorwa byabo bya buri munsi,0.43478260869565216
noella_5_11.mp3,noella_5_11.txt,RRA kandi yakanguriye abaguzi bose gusaba inyemezabuguzi ya EBM ndetse bakibuka no kugenzura ko amafaranga bishyuye ahuye n’ayanditse ku nyemezabwishyu bahawe.,rwanda reventiotrik yakanguriye abaguzi bose gusaba inyemezabuguzi ya ibiam ndetse bakibuka ko kugenzura ko amafaranga yishyuye ahuye nanditse kunyemezabwishyu bahawe,0.42857142857142855
noella_6_2.mp3,noella_6_2.txt,"Ni ubutumwa bwatangiwe mu muhango wo gutangiza icyumweru cy’uburezi mu mashuri y’iri torero, wabereye mu Karere ka Bugesera ku wa cumi na gatatu Kamena bibiri na makumyabiri na kabiri.",ni ubutumwa bwatangiwe mu muhango wo gutangiza icyumweru cy'iburezi mu mashuri y'iri torero wabereye mu karere ka bugesera ku wacumi nagatatu kamena biri nabakumyabiri na kabizi,0.3793103448275862
noella_6_3.mp3,noella_6_3.txt,"Icyumweru cy’uburezi ni ubwa mbere giteguwe ku rwego rwa ADEPR. Ubuyobozi bwavuze ko hatekerejwe no ku kwagura ibikorwa,inzego z’uburezi n’ubuvuzi zikarushaho gushyirwamo imbaraga.",icyumweru cy'uburezi n' ubwa mbere giteguwe ku rwego rwa adpr'ubuyobozi bwavuze ko hategerejwe no no kukwagura ibikorwa inzego z'uburezi n'ubuvuzi zikarushaho gushyirwamo imbaraga,0.5217391304347826
noella_6_4.mp3,noella_6_4.txt,"Umushumba Mukuru Wungirije wa ADEPR, Pasiteri Rutagarama Eugène, yavuze ko iri torero ryifuza kubaka uburezi bufite ireme atari ukugira amashuri ameze nk’umutako.",umusumba mukuru wungirije wa the per pasiteri rutagarama eugan yavuze ko iyi torero byifuza kuba ku burezi bufite ireme atari ukugira amashuri ameze nk'umutako,0.45454545454545453
noella_6_5.mp3,noella_6_5.txt,"Ati “Ni gahunda itari imenyerewe; impinduka twifuza ntabwo zizareba urwego rumwe rw’ivugabutumwa, hari n’ubumenyi bukenewe. Turi mu mavugurura n’iki twabonye ko ari ngombwa. Ntabwo twifuza kugira ibigo by’imitako ahubwo bigomba kujyana n’ireme ry’uburezi butangirwamo.”",ati ni gahunda itayimenyerewe impinduka twifuza ntabwo zizareba urwego rumwe rwivugabuts umwe hari n'ubumenyi bukenee turi m mavugurura turi mu mavugurura ni iki twabonye ko ari ngombwa ntabwo twifuza kugira ibigo by'imitako ahubwo bigomba kujyana n'ireme ry'uburezi butangirwamo,0.5
noella_6_6.mp3,noella_6_6.txt,"“Turacyafite urugendo runini kugira ngo ibigo byacu bimere neza kandi ntitwabigeraho uruhare rwacu rutagaragaye nk’itorero ndetse hatariho ubufatanye bw’abayobozi b’ibigo, ababyeyi n’ubuyobozi bwa Leta.”",acyafite urugendo runini kugira ngo ibigo byatsu bimiye neza kandi ntitwabigeraho uruhare rwacu rutagaragaye nk'itorero ndetse atariho ubufatanye n'abayobozi b'ibigo ababyeyi n'ubuyobozi bwa leta,0.375
noella_6_7.mp3,noella_6_7.txt,"Pasiteri Rutagarama yashimye ubufatanye bwa Leta na ADEPR mu by’uburezi burimo kuba Leta itanga imishahara y’abarimu, ubutaka bwo kwaguriraho ibikorwaremezo n’ibindi.",pasiteri rutagarama yashimiye ubufatanye bwa leta na ade pea mu by'uburezi burimo kuba leta itanga imishahara y'abarimu ubutabuka bwo kwaguriraho ibikorwa remezo n'ibinzi,0.42857142857142855
noella_6_8.mp3,noella_6_8.txt,"Umunyamabanga Nshingwabikorwa w’Intara y’Iburasirazuba, Dr Nyirahabimana Jeanne, yavuze ko uyu ari umusanzu ukomeye ADEPR izanye, witezweho ibisubizo by'ibibazo bisanzwe bihari.",umunyamabanga nshingwabikorwa w'intara y'iburasirazuba dr nyirahabimana jane yavuze ko uyari bo musanze ikomeye ad pr'izan witezweho ibisubizo by'ibibazo bisanzwe biharii,0.5
noella_7_1.mp3,noella_7_1.txt,Ati “Igihe cyose uburezi bugiye gukorwaho n’abantu batandukanye ni ibintu biduha umusaruro. Iyo turebye ibiteganyijwe gukorwa muri iki cyumweru cy’uburezi turasanga hazaboneka ibisubizo byinshi by’ibibazo duhura na byo.”,ati igihe cyose burezi bugiye gukorwaho n'abantu batandukanye ni ibintu biduha umusaruro iyo turebya ibiteganyijwe gukorwa muri ki cyumweru cy'uburezi turasanga hazaboreka ibisubizo by'ibibazo duhura nabyo,0.42857142857142855
noella_6_1.mp3,noella_6_1.txt,"Ubuyobozi bw’Itorero rya Pentekote mu Rwanda, ADEPR, bwatangaje ko mu mavugurura bwatangiye harimo gushyira imbaraga mu bizamura imibereho y’abaturage aho kwita ku ivugabutumwa gusa.",ubuyobozi bw'itorero rya pentekote mu rwanda ad pr bwatangaje ko mu mavugurura bwatangiye harimo gushyira imbaraga mu bizamura imibereho ry'abaturage aho kwita ku ivugabutumwa gusa,0.25
noella_7_2.mp3,noella_7_2.txt,"Mu bizakorwa harimo ubukangurambaga ku kurwanya ibiyobyabwenge n’inda zitateguwe mu banyeshuri, gusubiza mu ishuri abaritaye n’ibindi, ku nsanganyamatsiko igira ati “Uburezi bufite ireme, ishingiro ry’iterambere rirambye.”",mu bizakorwa harimo ubukangurambaga ku kurwanya ibiyobyabwenge nindazitateguwe mu banyeshuri gusubiza ishuri abaritaye n'ibinzi ku nsanganyamatsiko igize ko nsanganyamatsiko igira iki uburezi bufite ireme ishingiro ry'iterambere rirambye,0.5
noella_7_3.mp3,noella_7_3.txt,"Dr Nyirahabimana yavuze ko ari ubukangurambaga bwunganira ubundi, ubwo bufatanye bukaba ari bwo butanga umusaruro w’uburezi bufite ireme. Yasabye ADEPR gukomeza muri uwo murongo yizeza ko Leta na yo izakomeza gutanga umusanzu wayo.",dr nyirahabimana yavuze ko ari ubukangurambaga bwuganira ubunzi ubwo bufatanye bukaba ari bwo butanga umusaruro w'uburizi bufite ireme yasabye ade per gukomeza muri uwo murongo yiziza ko leta nayo izakomeza gutanga umusanzu wayo,0.30303030303030304
noella_7_4.mp3,noella_7_4.txt,"Seneza Jean Paul uhagarariye Umuryango uvuga Ubutumwa Bwiza mu rubyiruko binyuze muri Siporo, Ambassadors Football, yavuze ko bidashoboka guteza imbere uburezi usize siporo inyuma ikaba ari yo mpamvu mu bigo by’amashuri bya ADEPR hashyizwemo gahunda yo kwigisha umupira w’amaguru.",seneza jean pouluhagarariye umuryango uvuga ubutumwa bwiza mu rubyiruko binyuze muri siporo ambasadasi fotbal'yavuze ko bidashoboka guteza imbere uburezi usize siporo inyuma ikaba ari yo mpamvu mu bigo by'amashuri bya deperi hashyizwemo gahunda yo kwigisha mu mupira w'amaguru,0.28205128205128205
noella_7_5.mp3,noella_7_5.txt,"Itorero ADEPR rifite ibigo by’amashuri y’incuke, abanza n’ayisumbuye birenga magana atatu hirya no hino mu gihugu.",itorero ade per rifite ibigo by'amashuri y'inshuke abanza nayisumbuye birenga amagana atatu hirya no hino mu gihugu,0.4375
noella_7_6.mp3,noella_7_6.txt,"Urukiko rw’Ubujurire mu Bwongereza rwateye utwatsi icyifuzo cy’abimukira n’imiryango yasabaga ko batakoherezwa mu Rwanda, ni icyemezo kije gishimangira icy’Urukuru cyafashwe mu cyumweru gishize.",rukiko rw'ubujurire mu bwongereza rwateye utwatsi icyifuzo cyabimukira n'imiryango yabasabaga ko batakoherezwa mu rwanda ni icyemezo kijje gishimangira icy'urukiko rcyafashwe mu cyumweru gishize,0.43478260869565216
noella_7_7.mp3,noella_7_7.txt,"Ibi bisobanuye ko indege ya mbere izatwara abimukira izahaguruka kuri uyu wa Kabiri, tariki ya cumi nenye Kamena bibiri na makumyabiri na kabiri,nk’uko byari biteganyijwe. Urukiko rwavuze ko politiki y’u Bwongereza yo kohereza abimukira mu bindi bihugu ifite ishingiro kandi ari inyungu rusange.",ibi bisobanuye ko indege ya mbere izatwara bimukira izahaguruka kuri uyu wa kabiri tariki icumi n'enye kamena binamakumyabiri na kabiri nk'uko byari biteganyijwe urukiko rwavuze ko politiki y'ubwongereza yo kohereza abimukira mu bindi bihugu ifite ishingiro kandi ari inyungu rusange,0.3023255813953488
noella_7_8.mp3,noella_7_8.txt,"Urukiko rwavuze ko abantu cumi n'umwe ari bo bashobora kurira indege ya mbere ibajyanye i Kigali. Gusa umuryango Care4Calais,uri mu irwanya iyi gahunda wavuze ko abantu umunani ari bo bashobora kurira indege.",urukiko rwavuze ko abantu icumi ni umwe ariwo bashobora kwirinda indege ya mbere yibajyanye i kigali gusa umuryango wa kea fokalaus'uri uri mwirwanya iyi gahunda wavuze ko abantu umunani ari wo bashobora kuririnda indege,0.46875
noella_7_9.mp3,noella_7_9.txt,"Mu cyumweru gishize, abarwanya gahunda yo kohereza abimukira mu Rwanda baratsinzwe kuko Urukiko Rukuru mu Bwongereza rwemereye guverinoma y’icyo gihugu kubikora.",mweru gishize abarwanya gahunda yo kohereza abimukira mu rwanda baratsinzwe kuko urukiko rukuru mu bwongereza rwemereye guverinoma y'icyo gihugu kubikora,0.23809523809523808
noella_7_10.mp3,noella_7_10.txt,Umubare w’abagombaga kugenda ku ikubitiro waragabanutse kuko ku byari biteganyijwe ko bari mirongo itatu na barindwi ariko inzitizi zatanzwe zishingiye ku mategeko agenga abimukira n’uburenganzira bwa muntu zituma bagabanuka.,umubare w'abagombaga kugenda ku ikubitiro waragabanutse kuko ku byayi biteganyijwe ko bari mirongo itatu nabarindwi ariko inzitizi zatanzwe zishingiye ku mati ku mategeko agenga bimukira n'uburenganzira bwa muntu zituma bagabanuka,0.3103448275862069
noella_8_1.mp3,noella_8_1.txt,"Ku wa Gatanu w’icyumweru gishize hafashwe umwanzuro wo kutohereza abantu batandatu bari ku rutonde,aba bakurikira abandi makumyabiri na bo barukuweho mu mpera z’iki cyumweru. Ibi biratuma hasigara cumi n'umwe barimo bane bakomoka muri Iran, babiri bo muri Albania, umwe wo muri Syria, babiri bo muri Iraq. Abandi ntihahishuwe ubwenegihugu.",kuwa gaanu w'icyumweru gishize hafashwe umwanzuro w'uko kutohereza abantu batandatu bari ku rutonde aba bakurikira abandi bakumyabirihumubare wabagombaga kuwa gatau 'icymweru gishize hafashwe umwanzuro wo kutohereza abantu batandatu bari ku rutonde aba bakurikira abanzi makumyabiri nabo baharukuweho umumpez iki cyumweru ibi baratuma hasigara cumi n'umwe barimo bane bakomoka muri ilan babiri bo muri albania umwe wo muri siria biri babiri bo muri irack'abandi ntihahishuwe ubweneyigihugu,0.7755102040816326
noella_8_2.mp3,noella_8_2.txt,"Umwanditsi wa BBC, Mark Easton, avuga ko bishoboka ko umubare ushobora gukomeza kumanuka kugera kuri zero mbere y’uko isaha yo guhaguruka kw’indege igera. Ku wa Gatanu abantu ijana na mirongo itatu bari bafite ubutumwa ko bashobora koherezwa mu Rwanda.",umwanditsi wa bibicy mark'eston'avuga ko bishoboka ko umubari ushobora gukomeza kumanuka kugera kuyizera mbere ko isa isaha yo guhaguruka kw'indege igera kuwa gatanu abantu ijana na mirongo itatu bari bafite ubutumwa bwo ko bashobora koherezwa mu rwanza,0.38461538461538464
noella_8_3.mp3,noella_8_3.txt,"Nubwo hakomeje inkundura yo kwirukana abimukira mu Bwongereza, ntibibuza abandi kwinjira kuko ku cyumweru abagera ku ijana na cumi n'umwe binjiye bajyanywe n’ubwato buto butatu mu gihe abarenga igihumbi ari bo binjiye muri uyu mwaka wose.",nubwo hakomeje inkundura yo kwirukana abimukira mu bwongereza ntibibuza abandi kwinjira kuko kucyumweru abagera kujana na cumi n'umwe binjiye bajyanwe n'ubwato ubuto butatu mu gihe abarenga igihumbi aribo binjiye muri uyu mwaka wowese,0.3055555555555556
noella_8_4.mp3,noella_8_4.txt,"U Rwanda rwagiranye amasezerano n’u Bwongereza agena ko aba bimukira bazajya bafatwa bakazanwa mu Rwanda, ababishaka bagahitamo gusubira mu bihugu byabo mu gihe n’abagaragaza ubushake bwo kurugumamo bafashwa kuhakomereza ubuzima.",u rwanda rwajyanye amasezerano n'ubwongereza agena ko ababimukira bazajya bafatwa bakazanwa mu rwanda ababishaka bagahitamo gusubira mu bihugu byabo mu gihe n'abagaragaza ubushake bwo kurugumamo bafashwa kuhakomeriza ubuzima,0.3
noella_8_5.mp3,noella_8_5.txt,"Ku ikubitiro, bwahaye u Rwanda miliyoni ijana na makumyabiri z'amayero azagirira akamaro izo mpunzi n’Abanyarwanda binyuze mu bikorwa by’uburezi mu mashuri yisumbuye, ay’imyuga ndetse n’andi mahugurwa mu masomo y’ubumenyingiro. Ibyo byiyongeraho ko bazafashwa kwiga kugera mu mashuri makuru na kaminuza.",uikubitiro bwahaye u rwanda miliyoni ijana namukumya abiza maelo'azagirira akamaro izo mpunzi n'abanyarwanda binyuze mu bikorwa by'uburezi mu mashuri yisumbuye ayimyuga ndetse n'andi mahugurwa mu masomo y'yubumenyingiro ibyo byiyongeraho ko bazafashwa kwiga kugera ku mashuri makuru na cami,0.35
noella_8_6.mp3,noella_8_6.txt,"Umuvugizi wungirije wa Guverinoma y’u Rwanda, Alain Mukuralinda, aherutse kubwira IGIHE ko u Rwanda rwamaze kwitegura kwakira aba bimukira kandi nibagera i Kigali bazafatwa neza nk’uko bigengwa n’amasezerano yo kubazana.",umuvugizi wungirija wa guverinoma y'u rwanda alen mukuralinda aherutse kubwira igihe ko u rwanda rwamaze kwitegura kwakira ababimukira kandi nibagera i kigali bazafatwa neza nk'uko bigengwa n'amasezerano yo kubazana,0.3333333333333333
noella_8_7.mp3,noella_8_7.txt,"Ati “Icyiza ni uko twe mu Rwanda rwiteguye. Uyu munsi ndagira ngo mare impungenge z’uko niyo batubwira ngo haje 500 ba mbere, abo twabakira ariko nk’uko mubizi bazagenda baza mu byiciro kandi nta gutungurana kuzabamo.”",ati icyiza nuko twe mu rwanda twiteguye uyu munsi ndagira ngo mare impungenge z'uko mwe batubwira ngo haje magana atanu ba mbere abo twabakira ariko nkuko mu bizi bazagenda baza mu byiciro kandi nka gutungurana kuzabamo,0.4
noella_8_8.mp3,noella_8_8.txt,"Muri Werurwe uyu mwaka, byatangajwe ko zahabu yageze ku madolari ya Amerika akabakaba mirongo inani kuri garama imwe, imibare isatira iyo hejuru yigeze kubaho muri Kanama 2020 ubwo icyorezo cya COVID-19 cyari cyarahagaritse ibikorwa byinshi mu nzego zinyuranye.",muri werurwe uyu mwaka byatangajwe ko zahabu yageze ku madoladi ya amerika akaba akabakaba mirongo ina kuigaramarime imibaye isatira iyo hejuru yigeze kubaho muri kanama bi na makumyabiri ubwo icyo rezo cya covid na inten cyari cyarahagaritsye ibikorwa byinshi mu nzego zinyuranye,0.47368421052631576
noella_8_9.mp3,noella_8_9.txt,"Nyuma y’aho u Burusiya bugabiye ibitero kuri Ukraine, impuguke mu by’imari n’ubukungu, zitangaza ko abashoramari bagerageje guhita bashaka ahantu bashora amafaranga yabo ku buryo baba bizeye.",nyuma yaho uburusiya bugabiye ibiteero kuri ican impugute mu by'imari n'ubukungu zitangaza ko abasharamari bagerageje guhita bashaka ahantu bashora amafaranga yabo ku buryo babizira,0.4230769230769231
noella_9_1.mp3,noella_9_1.txt,"umutekano wayo nko gushobora mu byo kugura impapuro mvunjwafaranga, ubucuruzi bw’Amadolari ndetse n’ubwa zahabu.",ye umutekano wayo nko gushora mu byo kugura impapuro wmbuzwafaranga ubucuruzi bw'amadolari ndetse n'ubwa zahabu,0.42857142857142855
noella_9_2.mp3,noella_9_2.txt,"Bitewe n’ihindagurika ry’ibiciro rikomeza kugenda rifata indi ntera hirya no hino ku Isi, byitezwe ko ibihugu byinshi bikomeza gushakira ibisubizo mu kugura no kwigwizaho zahabu mu rwego rwo kwizera ko bifite ikintu cy’agaciro mu gihe ibisigaye byose bigenda bigatakaza harimo n’ifaranga ubwaryo.",bitewe n'ihindagurika ry'ibiciro rikomeza kugenda rifata indi ntera hirya no hino ku isi byitezwe ko ibihugu byinshi bikomeza gushakira ibisubizo mu kugura no kwigwizaho zahabu mu rwego rwo kwizera ko bifite ikintu cy'agaciro mu gihe bisigaye byose bigenda bigatakaza hemo n'ifaranga ubwajyo,0.19047619047619047
noella_9_3.mp3,noella_9_3.txt,"Statista yashyize ahagaragara urutonde rw’ibihugu bya Afurika byari byibitseho zahabu nyinshi mu bubiko kugeza mu mwaka wa bibiri na makumyabiri na rimwe ku buryo mu bihe by’ihungabana ry’ubukungu n’itakazagaciro ry’ifaranga, ibyo bihugu bishobora kugira icyizere cyo kuzahura ubukungu no kurenga ibyo bihe byemye.",statista yashyize ahagaragaraa urutonde rw'ibihugu bya afurika ari byibitse zahabu myinshi mu rubiko kugeza mu mwaka yubumbi binamakumyabiri na rimwe ku buryo mu bihe by'ihungabana ry'ubukungu n'itakazagaciro ry'ifaranga ibyo bihugu bishobora kujya icyizere cyo kuzamura ubukungu no kurenga ibyo bihe byemye,0.3953488372093023
noella_9_4.mp3,noella_9_4.txt,Ku mwanya wa mbere bibimburirwa na Algeria ifite toni za zahabu zigera ku ijana na mirongo irindwi nenye.,mwanya wa mbere mbiumbirirwa na algeria ifite toni iza zahabu zirenga ku kw ijana na mirongo indwi nenye,0.3888888888888889
noella_9_5.mp3,noella_9_5.txt,"mu byo kugura impapuro mvunjwafaranga, ubucuruzi bw’Amadolari ndetse n’ubwa zahabu.Ku mwanya wa kabiri hazaho Afurika y’Epfo ibarirwa toni ijana na makumyabiri n'eshanu igakurikirwa na Libya ku mwanya wa gatatu na toni ijana na cumi na zirindwi mu gihe ku mwanya wa kane hazaho igihugu cya Misiri na toni mirongo inani n'ibice mirongo irindwi nabitatu.",ku mwanya wa kabiri haza aho afrika y'epfo ibarirwa ton'ijana yamakumyabindi eshanu igakurikirwa na libia ku mwanya wa gatatu na toni ijana na cumi nazirinzwi mu gihe ku mwanya wa kandi haza igihugu cya misiri na toni mirongo inani n'ibica mirongo indwi na bitatu,0.5185185185185185
noella_9_6.mp3,noella_9_6.txt,"Maroc ifite toni makumyabiri n'ebyiri  bituma iba igihugu cya gatanu cyibitseho zahabu nyinshi muri Afurika, ku mwanya wa gatandatu ikurikirwa na Nigeria ifite zahabu ipima toni 21.37, ku mwanya wa karindwi hakaba Mauritania ifite toni cumi n'ebyiri12.44.",marok'ifite toni makumyabiri ne'ebyiri n'ibice cumi na bibiri bituma iba igihugu cya gatanu kibiteho zahabu nyinshi muri afrika ku mwanya wa gatandatu ikurikirwa na nigeria ifite zahabu ipimatoni makumyabiri n'imwe n'ibicamibotatu na birindwi ku mwanya wa karindwi hakaba murilicania ifite toni cumi n'ebyiri nicumirongo ine na bindi,0.5675675675675675
noella_9_7.mp3,noella_9_7.txt,"Imyanya itatu iheruka hariho ibihugu nka Ghana ifite toni 8.74 ku mwanya wa munani, igakurikirwa na Tunisia ku mwanya wa cyenda aho ibarirwa toni 6.84 mu gihe ku mwanya wa 10 hariho igihugu cya Mozambique gifite zahabu ingana na toni 3.94.",imyanya itatu iheruka hariho ibihugu nkagana ifite toni umunani ninsha mirongo indwi na bine ku mwanya wa munani igakwikirwa na tunizia ku mwanya wa cyenda aho ibarirwa ton mshshatu n'ibico mirongoinani na bine mu gihe ku mwanya wa cumi hariho igihugu cya mozambiqe gifite zahawe ingana na toni'eshatu n'ibico mirongo cyenda na bindi,0.6341463414634146
noella_9_8.mp3,noella_9_8.txt,U Bwongereza bumaze igihe bukomerewe n’ikibazo cy’abimukira binjira muri icyo gihugu mu buryo bunyuranyije n’amategeko banyuze mu nzira izwi nka ‘English Channel’.,ubwongereza bumaze igihe bukomerewe n'ikibazo cyabimukira binjira muri icyo gihugu mu buryo bunyangije n'amategeko banyize mu nzira izwi nka inglischano,0.4090909090909091
noella_9_9.mp3,noella_9_9.txt,English Channel ni inzira y’amazi itandukanya Amajyepfo y’u Bwongereza n’Amajyaruguru y’u Bufaransa. Iyi nzira yifashishwa cyane n’abimukira binjira mu Bwongereza bakoresheje amato mato mu buryo bunyuranyije n’amategeko.,inglis chano ni inzira y'amazi itandukanya amajyepfo y'ibwongereza n'amajyaruguru y'ubufaransa yinzira yifashishwa cyane n'abi mukiraninjira mu bwongereza bakoresheje amato mato mu buryo bunyranyije n'amategeko,0.5185185185185185
noella_9_10.mp3,noella_9_10.txt,"Kuva umwaka wa bibiri na makumyabiri watangira kugeza muri Kanama uwo mwaka, u Bwongereza bwari bumaze kwakira abimukira ibihumbi bitatu magana acyenda na mirongo itanu banyuze muri ‘English Channel’.",kuva umwaka babiri nabakumyabiri watangira kugeza muri kanama uwo mwaka ubwongereza bwari bumaze kwakira bimukira iyumbi mirongo itatu n'icyenda bihumbi bitatu magana cyenda mirongo itanu bangize muri inglish chanu,0.6206896551724138
noella_10_1.mp3,noella_10_1.txt,Byageze muri Mata bibiri na makumyabiri na kabiri u Bwongereza bwugarijwe cyane n’iki kibazo cy’abimukira kuko imibare yagaragaza ko uyu mwaka ushobora kurangira bwakiriye abimukira ibihumbi miringo itandato ugereranyije n’abarenga gato ibihumbi makumyabiri n'umunani bwakiriye mu mwaka wa bibiri na makumyabiri na kabiri.,byageze muri mata ibintu bakumyabiri na kabiri bwongereza bwugarijwe cyane n'iki kibazo cyabimukira kuko imibarire yagaragaza ko uyu mwaka ushobora kurangira bwakiriya bimukira ibihumbi mirongo itandatu ugereranyije n'abarenga gato ibihumbi makumyabiri n'umunani bwakiriye muri bibiri n'amakumyabiri na rimwe,0.4186046511627907
noella_10_2.mp3,noella_10_2.txt,"Umuvugizi wa Guverinoma y’u Rwanda, Yolande Makolo, yibukije Umuryango w’Abibumbye ko ibihugu byose bigira ubusugire bungana, ashimangira ko ubushotoranyi bwa Repubulika Iharanira Demokarasi ya Congo (RDC) bukwiye guhagarara burundu.",umuvugizi wa guvereninoma y'u rwanda yoland makono ibukije umuryango w'abibumbye ko ibihugu byose bigira ubusugire bungana ashimangira ko ubushotoranyi bwa ya republika iharanira demokayatiya congo rdicy bukwiye guhagarara burunzu,0.4827586206896552
noella_10_3.mp3,noella_10_3.txt,"Makolo yasubizaga imvugo y’Umuvugizi w’Umunyamabanga Mukuru w’Umuryango w’Abibumbye, Stephane Dujarric, ku bibera muri Repubulika Iharanira Demokarasi ya Congo (RDC), wagaragaje ko iki gihugu gishotorwa kandi kivogerwa. Muri make yakigaragaje nk’igihohoterwa gusa.",macolo yasubizaga imvugo y'umuvugizi w'umunyamabanga mukuru w'umuryango w'abibumbye stefan dujalick ku bibera muri republika iharanira demokanitiya congoaradicy wagaragaje ko iki gihugu gishotorwa kandi kivogerwa muyi make yakigaragaje nk'ink'igihohoterwa gusa,0.5161290322580645
noella_10_4.mp3,noella_10_4.txt,"Dujarric yagize ati ""Turongera gushimangira ko dushishikajwe n’ubusugire, ubwigenge, ubumwe ndetse n’ukutavogerwa kwa RDC kandi turamagana ibihugu byihisha inyuma y’imitwe yitwaje intwaro"".",dujarick yagize ati turongera gushimangira ko dushishikajwe n'ubusugire ubwigenge ubumwe ndetse no kutavogerwa kwa aradici kandi turamagana ibihugu byihisha inyuma y'imitwe y'itwaje intwaro,0.45454545454545453
noella_10_5.mp3,noella_10_5.txt,U Rwanda rwahise rwibutsa ko bitari bikwiye gukomoza kuri RDC gusa ngo hirengagizwe ubushotoranyi ikomeje kurukorera. Ingabo z’iki gihugu zimaze gutera ibisasu ku butaka bw’u Rwanda inshuro nyinshi.,u rwanda rwahise rwibutsa ko bitari ikwiye gukomoza kurdc gusa ngo hirengagizwe ubusotanyi ikomeje kurukorera ingabo ziki gihugu zimaze gutera ibisasu ku butaka bwa u rwanda inshuro nyinshi,0.32142857142857145
noella_10_6.mp3,noella_10_6.txt,"Ku wa cumi n'icyenda Werurwe no ku wa makumyabiri na gatatu Gicurasi bibiri na makumyabiri na kabiri,mu mirenge ya Kinigi na Nyange muri Musanze n’uwa Gahunga muri Burera ibisasu bya FARDC byakomerekeje abantu byangiza n’imitungo yabo.",twa cumi w'icyenda werurwe no kuwamakuminya nyagatatu gicurasi bibiri na makumyabiri na kabiri mu mirenge ya kinigi na nyange muri musanze n'uwa gahunga muri burera ibisasu bya fardese byakomekeje abantu byangeze n'imitungo yabo,0.4444444444444444
noella_10_8.mp3,noella_10_8.txt,"Makolo yibukije Dujarric ko ""Ubusugire bw’ibihugu byose burangana yaba ubw’u Rwanda cyangwa ubwa RDC. Ubwo RDC yateraga ibisasu ku butaka bw’u Rwanda ntiyari yashotowe, iki ni ikibazo gikomeye gifite ingaruka kandi kigomba guhagarara burundu"".",macolo yibukije dudaric ko ubusugire bw'ibihugu byose burangana yaba ubwo u rwanda cyangwa ubwa ardicy ubwo rdic yateraga ibisasu ku butaka bw'u rwanda ntiyari ya shotoy iki ni ikibazo gikomeye gifite ingaruka kandi kigomba guhagarara burunzu,0.35294117647058826
noella_10_9.mp3,noella_10_9.txt,"Yakomoje kandi ku bufatanye bwa Monusco n’ingabo za FARDC ziyunze na FDLR n’indi mitwe, anenga kuba izi ngabo z’Umuryango w’Abibumbye zimaze imyaka irenga makumyabiri muri RDC, zirebera ubu bufatanye bugamije kugera hafi y’u Rwanda ngo ruhungabanyirizwe umutekano.",yakomoje kandi ku bufatanye bwa monisco n'ingabo za fardece zinze na fr nindi mitwe anenga kuba izi ngabo z'umuryango w'abiyumbye zimaze imyaka irenga amakumyabiri muri rdicy zireberera ubu bufatanye bugamije kugera hafi y'u rwanda ngo ruru ruhungabanyirize umutekano,0.43243243243243246
noella_11_1.mp3,noella_11_1.txt,"U Rwanda ruherutse gutangaza ko FARDC yivanze na FDLR ku buryo wagira ngo ni igisirikare kimwe, bakora inama bagahuza gahunda y’ibyo bagiye gukora noneho MONUSCO na yo ikaza ngo ije gushyigikira FARDC.",u rwanda ruherutse gutangaza ko fadece yivanze na efderer ku buryo wagira ngo ni igisikaye kimwe bakora inama bagahuza gahunda ibyo bagiye gukora noneho monisco nayo ikaza ngo ije gushyigikira faro,0.28125
noella_2_4.mp3,noella_2_4.txt,"Byageze aho uyu mukobwa aratoroka ava muri urwo rugo ajya kwa nyirakuru, ariko aza gusanga atwite.",bagezeho uyu mukobwa aratoroka ava muri urwo rugo bajya kwa nyirakuru ariko aza gusanga atwitse,0.3125
noella_10_7.mp4,noella_10_7.txt,"Hari kandi gushimuta abasirikare b’u Rwanda babiri bari ku burinzi byakozwe na FARDC ifatanyije na FDLR, ibi bikaba byaramenyeshejwe Guverinoma ya RDC, itsinda rishinzwe kugenzura uko imbibi z’imipaka zubahirizwa, EJVM n’abandi.",hari kandi gushimuta abasirikare b'u rwanda mbabiri bari ku burinzi byakozwe na facdet'ifatanyije na ftlr'ibi bikaba byaramenyeshejwe guverinoma ya rdc itsinda rishinzwe kugenzura uko imbibi z'imipaka zubahirizwa ejviem n'abandi,0.3548387096774194
noella_11_2.mp4,noella_11_2.txt,"Mu nshingano za MONUSCO harimo kurwanya imitwe yitwaje intwaro yose ariko yo ngo yahisemo kurwanya M. makumyabiri na gatatu yonyine, ifatanyije n’ingabo za RDC.",mu nshingano za monisco harimo kurwanya imitwe yitwaje intwaro yos ariko yo ngo yahisemo kurwanya aventoi yonyene ifatanyije n'ingabo za radici,0.375
noella_4_10.mp4,noella_4_10.txt,Imibare yo muri bibiri na makumyabiri yerekana ko muri uwo mwaka ingano y’ibikorwa byashibutse ku ishoramari ry’u Bushinwa ringana na miliyoni ijana na cumi n'icyenda z'amadolari.,imibare yo mu mwaka w'ibihumbi bibiri na makumyabiri yerekana ko muri uwo mwaka ingano y'ibikorwa byashibutse ku ishoramari ry'ubushinwa ringana na miliyoni ijana nara mirongo icyenda nimwe z'amadolali,0.4230769230769231
